Rk,Player,Age,Team,GP,GS,MP,FG,FGA,2P,2PA,3P,3PA,FT,FTA,ORB,DRB,TRB,AST,STL,BLK,TOV,PF,PPG,FG_PCT,2P_PCT,3P_PCT,FT_PCT,TS_PCT,eFG_PCT,Pos
1,Álex Abrines,24,OKC,75,8,15.1,1.5,3.9,0.4,0.9,1.1,2.9,0.5,0.6,0.3,1.2,1.5,0.4,0.5,0.1,0.3,1.7,4.7,0.395,0.443,0.38,0.848,0.567,0.54,G-F
2,Quincy Acy,27,BRK,70,8,19.4,1.9,5.2,0.4,1,1.5,4.2,0.7,0.9,0.6,3.1,3.7,0.8,0.5,0.4,0.9,2.1,5.9,0.356,0.384,0.349,0.817,0.525,0.496,F-C
3,Steven Adams,24,OKC,76,76,32.7,5.9,9.4,5.9,9.3,0,0,2.1,3.8,5.1,4,9,1.2,1.2,1,1.7,2.8,13.9,0.629,0.631,0,0.559,0.63,0.629,C
4,Bam Adebayo,20,MIA,69,19,19.8,2.5,4.9,2.5,4.8,0,0.1,1.9,2.6,1.7,3.8,5.5,1.5,0.5,0.6,1,2,6.9,0.512,0.523,0,0.721,0.57,0.512,C-F
5,Arron Afflalo,32,ORL,53,3,12.9,1.2,3.1,0.7,1.7,0.5,1.3,0.4,0.5,0.1,1.2,1.2,0.6,0.1,0.2,0.4,1.1,3.4,0.401,0.413,0.386,0.846,0.516,0.485,G-F
6,Cole Aldrich,29,MIN,21,0,2.3,0.2,0.7,0.2,0.7,0,0,0.1,0.3,0.1,0.6,0.7,0.1,0.1,0,0,0.5,0.6,0.333,0.333,,0.333,0.34,0.333,C
7,LaMarcus Aldridge,32,SAS,75,75,33.5,9.2,18,8.8,16.7,0.4,1.2,4.5,5.3,3.3,5.2,8.5,2,0.6,1.2,1.5,2.1,23.1,0.51,0.526,0.293,0.837,0.57,0.52,F-C
8,Jarrett Allen,19,BRK,72,31,20,3.3,5.5,3.2,5.3,0.1,0.2,1.6,2,2,3.4,5.4,0.7,0.4,1.2,1.1,2,8.2,0.589,0.599,0.333,0.776,0.636,0.596,C-F
9,Kadeem Allen,25,BOS,18,1,5.9,0.3,1.2,0.3,0.6,0,0.6,0.4,0.5,0.2,0.4,0.6,0.7,0.2,0.1,0.5,0.8,1.1,0.273,0.545,0,0.778,0.366,0.273,G
10,Tony Allen,36,NOP,22,0,12.4,2,4.1,1.8,3.6,0.2,0.5,0.5,1,0.9,1.2,2.1,0.4,0.5,0.1,0.9,2.2,4.7,0.484,0.506,0.333,0.524,0.514,0.505,G-F
11,Al-Farouq Aminu,27,POR,69,67,30,3.3,8.4,1.5,3.5,1.8,4.9,0.9,1.2,1.4,6.2,7.6,1.2,1.1,0.6,1.1,2,9.3,0.395,0.432,0.369,0.738,0.522,0.503,F
12,Justin Anderson,24,PHI,38,0,13.7,2.3,5.3,1.4,2.6,0.9,2.7,0.7,1,0.7,1.8,2.4,0.7,0.4,0.2,0.4,1.4,6.2,0.431,0.535,0.33,0.737,0.54,0.515,G
13,Kyle Anderson,24,SAS,74,67,26.7,3.1,5.9,2.9,5.1,0.3,0.8,1.4,2,1.1,4.2,5.4,2.7,1.6,0.8,1.3,1.5,7.9,0.527,0.556,0.333,0.712,0.582,0.549,F-G
14,Ryan Anderson,29,HOU,66,50,26.1,3.1,7.3,1.2,2.1,2,5.1,1.1,1.4,1.4,3.6,5,0.9,0.4,0.3,0.6,1.9,9.3,0.431,0.539,0.386,0.774,0.592,0.568,F
15,Ike Anigbogu,19,IND,11,0,2.7,0.4,0.8,0.4,0.8,0,0,0.5,0.5,0.5,0.4,0.8,0,0.1,0.3,0.2,0.1,1.2,0.444,0.444,,0.833,0.558,0.444,F-C
16,Giannis Antetokounmpo,23,MIL,75,75,36.7,9.9,18.7,9.3,16.8,0.6,1.9,6.5,8.5,2.1,8,10,4.8,1.5,1.4,3,3.1,26.9,0.529,0.554,0.307,0.76,0.598,0.545,F-G
17,Carmelo Anthony,33,OKC,78,78,32.1,6.1,15,3.9,8.9,2.2,6.1,1.9,2.5,0.9,4.9,5.8,1.3,0.6,0.6,1.3,2.5,16.2,0.404,0.437,0.357,0.767,0.503,0.476,F
18,OG Anunoby,20,TOR,74,62,20,2.2,4.7,1.2,2,1,2.7,0.5,0.8,0.6,1.9,2.5,0.7,0.7,0.2,0.6,1.8,5.9,0.471,0.604,0.371,0.629,0.587,0.577,F
19,Ryan Arcidiacono,23,CHI,24,0,12.7,0.7,1.7,0.3,0.4,0.4,1.3,0.2,0.3,0,1,1,1.5,0.5,0,0.5,0.8,2,0.415,0.8,0.29,0.833,0.55,0.524,G
20,Trevor Ariza,32,HOU,67,67,33.9,4,9.7,1.5,2.8,2.5,6.9,1.1,1.3,0.5,3.9,4.4,1.6,1.5,0.2,0.8,2,11.7,0.412,0.519,0.368,0.854,0.567,0.542,F
21,Darrell Arthur,29,DEN,19,1,7.4,1.2,2.5,0.7,1.3,0.4,1.2,0.1,0.2,0.2,0.6,0.8,0.5,0.4,0.2,0.8,1.2,2.8,0.468,0.583,0.348,0.667,0.559,0.553,F
22,Jamel Artis,25,ORL,15,1,18.6,2.1,5.3,1.5,3.3,0.5,1.9,0.5,0.8,0.3,2.3,2.5,1.2,0.1,0.2,0.5,0.7,5.1,0.392,0.46,0.276,0.583,0.457,0.443,G-F
23,Ömer Aşık,31,CHINOP,18,0,10.1,0.5,1.2,0.5,1.2,0,0,0.2,0.7,0.5,2.1,2.6,0.2,0.1,0.2,0.5,1.1,1.2,0.409,0.409,,0.308,0.397,0.409,C
24,D.J. Augustin,30,ORL,75,36,23.5,3.3,7.2,1.7,3.6,1.5,3.6,2.2,2.5,0.4,1.7,2.1,3.8,0.7,0,1.6,1.3,10.2,0.452,0.485,0.419,0.868,0.615,0.557,G
25,Luke Babbitt,28,ATLMIA,50,14,14.3,1.8,4.3,0.6,1.2,1.2,3.1,0.3,0.4,0.1,1.8,1.9,0.6,0.2,0.1,0.4,1.1,5.2,0.423,0.525,0.385,0.773,0.576,0.563,F
26,Dwayne Bacon,22,CHO,53,6,13.5,1.4,3.6,1.2,2.8,0.2,0.8,0.4,0.5,0.1,2.3,2.3,0.7,0.3,0,0.4,0.9,3.3,0.375,0.409,0.256,0.8,0.431,0.404,G
27,Ron Baker,24,NYK,29,1,13.3,0.7,2,0.3,0.9,0.4,1.1,0.7,0.9,0.2,0.9,1,1.6,0.9,0.2,0.6,1.1,2.4,0.339,0.346,0.333,0.769,0.504,0.432,G
28,Wade Baldwin,21,POR,7,0,11.4,2,3,1.4,2.3,0.6,0.7,0.9,1.4,0.1,1,1.1,0.7,0.3,0.1,0.6,1.7,5.4,0.667,0.625,0.8,0.6,0.748,0.762,G
29,Lonzo Ball,20,LAL,52,50,34.2,3.9,10.8,2.2,5.2,1.7,5.7,0.6,1.4,1.3,5.6,6.9,7.2,1.7,0.8,2.6,2.3,10.2,0.36,0.42,0.305,0.451,0.444,0.44,G
30,J.J. Barea,33,DAL,69,10,23.2,4.4,10,2.7,5.5,1.7,4.5,1.2,1.5,0.2,2.7,2.9,6.3,0.5,0,2.1,1.2,11.6,0.439,0.499,0.367,0.784,0.545,0.522,G
31,Harrison Barnes,25,DAL,77,77,34.2,7,15.7,5.4,11.4,1.5,4.3,3.4,4.1,1,5.1,6.1,2,0.6,0.2,1.5,1.2,18.9,0.445,0.478,0.357,0.827,0.539,0.494,F
32,Will Barton,27,DEN,81,40,33.1,5.7,12.7,3.8,7.5,1.9,5.2,2.2,2.8,0.9,4.2,5,4.1,1,0.6,1.8,2.1,15.7,0.452,0.51,0.37,0.805,0.562,0.528,G
33,Nicolas Batum,29,CHO,64,64,31,4.2,10.2,2.8,5.9,1.4,4.3,1.7,2,0.9,3.9,4.8,5.5,1,0.4,2,1.1,11.6,0.415,0.473,0.336,0.831,0.523,0.486,F-G
34,Jerryd Bayless,29,PHI,39,11,23.7,2.8,6.7,1.4,3,1.4,3.7,0.9,1.1,0.4,1.7,2.1,1.4,0.6,0.2,1.2,2.3,7.9,0.416,0.474,0.37,0.795,0.546,0.519,G
35,Aron Baynes,31,BOS,81,67,18.3,2.6,5.5,2.6,5.2,0,0.3,0.7,1,1.6,3.8,5.4,1.1,0.3,0.6,1,2.5,6,0.471,0.487,0.143,0.756,0.502,0.474,C
36,Kent Bazemore,28,ATL,65,65,27.5,4.4,10.4,2.7,6.2,1.7,4.2,2.5,3.1,0.4,3.4,3.8,3.5,1.5,0.7,2.4,2.3,12.9,0.42,0.438,0.394,0.796,0.547,0.5,G-F
37,Bradley Beal,24,WAS,82,82,36.3,8.3,18.1,5.9,11.6,2.4,6.5,3.6,4.5,0.7,3.7,4.4,4.5,1.2,0.4,2.6,2,22.6,0.46,0.507,0.375,0.791,0.564,0.527,G
38,Malik Beasley,21,DEN,62,0,9.4,1.2,2.9,0.7,1.5,0.5,1.3,0.4,0.5,0.2,0.9,1.1,0.5,0.2,0.1,0.4,0.6,3.2,0.41,0.469,0.341,0.667,0.509,0.489,G
39,Michael Beasley,29,NYK,74,30,22.3,5.5,10.9,5.1,9.7,0.5,1.2,1.7,2.1,1.3,4.3,5.6,1.7,0.5,0.6,1.9,2,13.2,0.507,0.52,0.395,0.78,0.556,0.528,F
40,Marco Belinelli,31,ATLPHI,80,2,24.3,4.2,9.6,2.4,4.6,1.9,4.9,1.9,2,0.3,1.6,1.9,1.9,0.8,0.2,1.2,1.1,12.1,0.441,0.509,0.377,0.908,0.581,0.539,G-F
41,Jordan Bell,23,GSW,57,13,14.2,2,3.2,2,3.2,0,0.1,0.5,0.8,1.1,2.6,3.6,1.8,0.6,1,0.9,1.6,4.6,0.627,0.641,0,0.682,0.641,0.627,F
42,DeAndre' Bembry,23,ATL,26,3,17.5,2,4.9,1.6,3.8,0.4,1.2,0.7,1.3,0.3,2.5,2.8,1.9,0.8,0.5,1.8,1.5,5.2,0.414,0.429,0.367,0.576,0.477,0.457,F
43,Dragan Bender,20,PHO,82,37,25.2,2.3,5.9,0.8,2,1.4,3.9,0.5,0.6,0.5,3.9,4.4,1.6,0.3,0.6,1.4,2,6.5,0.386,0.426,0.366,0.765,0.524,0.508,F
44,Dāvis Bertāns,25,SAS,77,10,14.1,2.1,4.8,0.9,1.5,1.2,3.3,0.5,0.6,0.2,1.8,2,1,0.3,0.4,0.5,1.2,5.9,0.44,0.588,0.373,0.816,0.588,0.568,F
45,Patrick Beverley,29,LAC,11,11,30.4,4.4,10.8,2.2,5.4,2.2,5.5,1.3,1.5,1.5,2.6,4.1,2.9,1.7,0.5,2.3,3.1,12.2,0.403,0.407,0.4,0.824,0.53,0.504,G
46,Khem Birch,25,ORL,42,0,13.8,1.6,3,1.6,3,0,0,1,1.5,1.7,2.6,4.3,0.8,0.4,0.5,0.5,1.3,4.2,0.54,0.54,,0.689,0.582,0.54,C-F
47,Jabari Bird,23,BOS,13,1,8.8,1.2,2,0.9,1.5,0.2,0.5,0.5,1,0.5,1,1.5,0.6,0.2,0.1,0.6,0.5,3,0.577,0.632,0.429,0.462,0.615,0.635,G
48,Bismack Biyombo,25,ORL,82,25,18.2,2.2,4.3,2.2,4.3,0,0,1.2,1.9,1.8,4,5.7,0.8,0.3,1.2,1,1.9,5.7,0.52,0.521,0,0.65,0.556,0.52,C-F
49,Nemanja Bjelica,29,MIN,67,21,20.5,2.6,5.5,1.4,2.8,1.1,2.7,0.5,0.7,0.8,3.3,4.1,1.3,0.7,0.2,0.8,2.1,6.8,0.461,0.505,0.415,0.8,0.581,0.563,F
50,Tarik Black,26,HOU,51,2,10.5,1.5,2.5,1.5,2.3,0,0.2,0.6,1.2,1.2,2,3.2,0.3,0.4,0.6,0.7,2.1,3.5,0.591,0.638,0.091,0.46,0.582,0.594,C-F
51,Antonio Blakeney,21,CHI,19,0,16.5,2.8,7.5,2,4.8,0.8,2.7,1.6,2.1,0.2,1.5,1.7,1.1,0.4,0.1,0.6,1,7.9,0.371,0.418,0.288,0.769,0.471,0.423,G
52,Eric Bledsoe,28,MILPHO,74,74,31.4,6.3,13.4,4.6,8.5,1.7,4.9,3.4,4.3,0.7,3.1,3.8,5,2,0.6,2.9,2.5,17.7,0.473,0.545,0.347,0.795,0.582,0.536,G
53,Vander Blue,25,LAL,5,0,9,0.2,1,0.2,0.6,0,0.4,0.2,0.4,0,0.2,0.2,0.6,0.2,0,0.6,0.4,0.6,0.2,0.333,0,0.5,0.255,0.2,G
54,Bogdan Bogdanović,25,SAC,78,53,27.9,4.4,9.9,2.8,5.7,1.7,4.2,1.3,1.5,0.4,2.5,2.9,3.3,0.9,0.2,1.6,2.2,11.8,0.446,0.485,0.392,0.84,0.556,0.529,G
55,Bojan Bogdanović,28,IND,80,80,30.8,5.1,10.7,3.1,5.8,1.9,4.8,2.2,2.6,0.4,3,3.4,1.5,0.7,0.1,1.3,1.6,14.3,0.474,0.534,0.402,0.868,0.605,0.565,G-F
56,Andrew Bogut,33,LAL,24,5,9,0.7,1,0.7,1,0,0,0.1,0.1,1.1,2.2,3.3,0.6,0.2,0.5,0.8,1.7,1.5,0.68,0.68,,1,0.696,0.68,C
57,Joel Bolomboy,24,MIL,6,0,6.3,0.5,1,0.5,0.8,0,0.2,0.5,1,1,0.7,1.7,0,0.3,0,0.3,0.5,1.5,0.5,0.6,0,0.5,0.521,0.5,F
58,Devin Booker,21,PHO,54,54,34.5,8.4,19.5,5.7,12.4,2.7,7.1,5.4,6.1,0.5,4,4.5,4.7,0.9,0.3,3.6,3.1,24.9,0.432,0.46,0.383,0.878,0.561,0.501,G
59,Trevor Booker,30,BRKINDPHI,68,7,17,2.6,5,2.5,4.6,0.1,0.5,1,1.4,1.7,3,4.7,1.2,0.4,0.3,0.9,1.8,6.3,0.516,0.545,0.242,0.71,0.557,0.528,F
60,Chris Boucher,25,GSW,1,0,1,0,1,0,0,0,1,0,0,0,1,1,0,0,0,0,0,0,0,,0,,0,0,F
61,Avery Bradley,27,DETLAC,46,46,31.2,5.6,13.6,4,9.2,1.6,4.4,1.4,1.8,0.5,2,2.5,2,1.1,0.2,2.2,2,14.3,0.414,0.436,0.369,0.768,0.496,0.474,G
62,Tony Bradley,20,UTA,9,0,3.2,0.3,1.2,0.3,1.1,0,0.1,0.2,0.2,0.4,0.8,1.2,0.1,0,0,0,0.1,0.9,0.273,0.3,0,1,0.337,0.273,F-C
63,Corey Brewer,31,LALOKC,72,18,16.8,2,4.4,1.5,2.9,0.4,1.5,0.9,1.3,0.6,1.5,2.1,0.9,1.1,0.2,0.7,1.9,5.3,0.449,0.539,0.282,0.722,0.534,0.498,F-G
64,Malcolm Brogdon,25,MIL,48,20,29.9,5.1,10.5,3.8,7.1,1.3,3.4,1.6,1.8,0.5,2.8,3.3,3.2,0.9,0.3,1.4,2.7,13,0.485,0.532,0.385,0.882,0.578,0.547,G
65,Aaron Brooks,33,MIN,32,1,5.9,0.9,2.2,0.5,1.2,0.3,1,0.3,0.3,0.2,0.3,0.5,0.6,0.2,0,0.3,0.9,2.3,0.406,0.447,0.355,0.727,0.508,0.486,G
66,Dillon Brooks,22,MEM,82,74,28.7,4.1,9.4,3,6.2,1.1,3.2,1.5,2,0.6,2.5,3.1,1.6,0.9,0.2,1.5,2.8,11,0.44,0.484,0.356,0.747,0.531,0.501,F-G
67,MarShon Brooks,29,MEM,7,1,27.6,7.3,14.6,4.6,10,2.7,4.6,2.9,3.3,1.1,1.9,3,3.6,1.6,0.4,2.3,0.9,20.1,0.5,0.457,0.594,0.87,0.629,0.593,G-F
68,Anthony Brown,25,MIN,1,0,4,1,1,0,0,1,1,0,0,0,0,0,1,0,0,0,0,3,1,,1,,1.5,1.5,F-G
69,Bobby Brown,33,HOU,20,0,5.8,1,2.9,0.4,0.9,0.6,2,0.1,0.1,0,0.4,0.4,0.6,0.2,0,0.5,0.3,2.5,0.328,0.444,0.275,0.5,0.425,0.422,G
70,Jaylen Brown,21,BOS,70,70,30.7,5.3,11.5,3.6,7.1,1.7,4.4,2.1,3.3,0.9,4,4.9,1.6,1,0.4,1.8,2.6,14.5,0.465,0.507,0.395,0.644,0.562,0.54,F-G
71,Lorenzo Brown,27,TOR,14,0,9.9,1,2.4,0.9,1.6,0.1,0.9,0.1,0.1,0.1,1,1.1,0.9,0.4,0,0.2,0.5,2.3,0.412,0.545,0.167,1,0.459,0.441,G
72,Markel Brown,26,HOU,4,0,7.8,0.5,1.8,0.3,0.5,0.3,1.3,0,0,0.3,1,1.3,0.5,0,0,0.5,1.5,1.3,0.286,0.5,0.2,,0.357,0.357,G
73,Sterling Brown,22,MIL,54,4,14.4,1.5,3.8,0.9,2.1,0.6,1.7,0.4,0.4,0.5,2.1,2.6,0.5,0.6,0.2,0.5,1.5,4,0.4,0.439,0.352,0.875,0.503,0.478,G
74,Nicolás Brussino,24,ATL,4,0,2.5,0,0.5,0,0,0,0.5,0,0,0,0.8,0.8,0,0,0,0,0,0,0,,0,,0,0,G-F
75,Thomas Bryant,20,LAL,15,0,4.8,0.5,1.4,0.5,0.7,0.1,0.7,0.3,0.6,0.2,0.9,1.1,0.4,0.1,0.1,0.1,0.4,1.5,0.381,0.636,0.1,0.556,0.441,0.405,C
76,Reggie Bullock,26,DET,62,52,27.9,4.3,8.8,2.3,4.3,2,4.5,0.6,0.8,0.4,2,2.5,1.5,0.8,0.2,0.8,1.1,11.3,0.489,0.536,0.445,0.796,0.615,0.603,G-F
77,Trey Burke,25,NYK,36,9,21.8,5.4,10.7,4.3,7.8,1.1,2.9,1,1.6,0.4,1.6,2,4.7,0.7,0.1,1.2,1.2,12.8,0.503,0.556,0.362,0.649,0.563,0.552,G
78,Alec Burks,26,UTA,64,1,16.5,2.7,6.5,1.9,4.3,0.7,2.2,1.7,1.9,0.3,2.7,3,1,0.6,0.1,0.9,1.2,7.7,0.411,0.452,0.331,0.863,0.527,0.467,G
79,Jimmy Butler,28,MIN,59,59,36.7,7.4,15.6,6.2,12.2,1.2,3.4,6.2,7.2,1.3,4,5.3,4.9,2,0.4,1.8,1.3,22.2,0.474,0.509,0.35,0.854,0.59,0.512,F-G
80,Dwight Buycks,28,DET,29,0,14.7,2.8,6.8,2.3,5.3,0.5,1.6,1.2,1.4,0.4,1,1.4,2,0.7,0.1,1.3,1.3,7.4,0.414,0.438,0.333,0.878,0.498,0.452,G
81,Bruno Caboclo,22,SACTOR,12,0,8.9,0.8,2.6,0.5,1.2,0.3,1.4,0.4,0.5,0.6,1.3,1.8,0.3,0.3,0.3,0.3,0.7,2.2,0.29,0.429,0.176,0.833,0.386,0.339,F-C
82,José Calderón,36,CLE,57,32,16,1.6,3.2,0.8,1.5,0.8,1.7,0.4,0.5,0.2,1.2,1.5,2.1,0.5,0,0.7,1.4,4.5,0.503,0.545,0.464,0.8,0.643,0.624,G
83,Kentavious Caldwell-Pope,24,LAL,74,74,33.2,4.6,10.8,2.4,5.2,2.1,5.6,2.1,2.6,0.8,4.4,5.2,2.2,1.4,0.2,1.3,2,13.4,0.426,0.473,0.383,0.789,0.561,0.526,G
84,Isaiah Canaan,26,HOUPHO,20,1,21.1,2.6,6.9,1.5,3.6,1.1,3.3,2.3,2.6,0.3,2,2.3,3.8,0.8,0.1,1.5,1.8,8.6,0.38,0.423,0.333,0.902,0.539,0.46,G
85,Clint Capela,23,HOU,74,74,27.5,6,9.1,6,9.1,0,0,1.9,3.5,3.3,7.6,10.8,0.9,0.8,1.9,1.4,2.5,13.9,0.652,0.653,0,0.56,0.65,0.652,C
86,DeMarre Carroll,31,BRK,73,73,29.9,4.5,10.8,2.5,5.4,2,5.4,2.6,3.4,1.4,5.1,6.6,2,0.8,0.4,1.4,2.3,13.5,0.414,0.457,0.371,0.764,0.55,0.506,F
87,Vince Carter,41,SAC,58,5,17.7,2,4.9,1,2,1,2.8,0.5,0.6,0.3,2.2,2.6,1.2,0.7,0.4,0.6,1.7,5.4,0.403,0.483,0.345,0.757,0.523,0.504,G-F
88,Michael Carter-Williams,26,CHO,52,2,16.1,1.5,4.4,1.2,3.3,0.3,1.1,1.4,1.7,0.7,1.9,2.7,2.2,0.8,0.4,1,1.9,4.6,0.332,0.365,0.237,0.82,0.446,0.362,G
89,Alex Caruso,23,LAL,37,7,15.2,1.4,3.1,1,2,0.4,1.2,0.6,0.8,0.4,1.4,1.8,2,0.6,0.3,1.1,1.4,3.6,0.431,0.507,0.302,0.7,0.519,0.487,G
90,Omri Casspi,29,GSW,53,7,14,2.3,3.9,2.1,3.5,0.2,0.4,0.9,1.3,0.6,3.2,3.8,1,0.3,0.4,0.7,1.3,5.7,0.58,0.595,0.455,0.725,0.632,0.604,F
91,Willie Cauley-Stein,24,SAC,73,58,28,5.3,10.6,5.3,10.4,0,0.2,2.1,3.4,1.8,5.2,7,2.4,1.1,0.9,1.5,2.5,12.8,0.502,0.506,0.25,0.619,0.529,0.504,F-C
92,Tyler Cavanaugh,23,ATL,39,1,13.3,1.7,3.9,0.9,1.6,0.8,2.3,0.4,0.5,1.2,2.1,3.3,0.7,0.2,0.1,0.4,1.6,4.7,0.441,0.556,0.36,0.81,0.567,0.546,F
93,Mario Chalmers,31,MEM,66,10,21.5,2.5,6.7,1.7,3.8,0.8,2.9,1.8,2.1,0.2,2.2,2.4,3,1.2,0.2,1.8,2.7,7.7,0.379,0.456,0.277,0.855,0.503,0.439,G
94,Tyson Chandler,35,PHO,46,46,25,2.6,4.1,2.6,4.1,0,0,1.3,2,2.9,6.2,9.1,1.2,0.3,0.6,1.3,2.3,6.5,0.647,0.647,,0.624,0.658,0.647,C
95,Wilson Chandler,30,DEN,74,71,31.7,3.8,8.5,2.6,5.2,1.2,3.3,1.2,1.5,1.4,4,5.4,2.1,0.6,0.5,1.2,2.1,10,0.445,0.501,0.358,0.772,0.542,0.515,F
96,Marquese Chriss,20,PHO,72,49,21.2,2.8,6.6,2,4,0.8,2.6,1.3,2.2,1.1,4.4,5.5,1.2,0.7,1,1.5,2.8,7.7,0.423,0.509,0.295,0.608,0.509,0.482,F
97,Ian Clark,26,NOP,74,2,19.7,3,6.7,2.2,4.1,0.8,2.6,0.6,0.8,0.1,1.6,1.7,1.5,0.4,0.1,0.8,1.6,7.4,0.448,0.533,0.318,0.763,0.529,0.511,G
98,Jordan Clarkson,25,CLELAL,81,2,23.3,5.3,11.8,3.9,7.9,1.4,3.9,1.9,2.3,0.7,2,2.7,2.7,0.7,0.1,1.6,1.3,13.9,0.451,0.5,0.352,0.8,0.542,0.509,G
99,Gian Clavell,24,DAL,7,0,9.1,0.9,2.6,0,0.4,0.9,2.1,0.3,0.3,0.1,0.9,1,0.4,0.3,0,0.3,1.1,2.9,0.333,0,0.4,1,0.53,0.5,G
100,Antonius Cleveland,23,ATLDAL,17,0,7.2,0.5,1.2,0.3,1,0.2,0.2,0.2,0.4,0.2,0.6,0.8,0.1,0.4,0.3,0.4,1.4,1.4,0.381,0.294,0.75,0.667,0.486,0.452,G
101,John Collins,20,ATL,74,26,24.1,4.2,7.4,4,6.7,0.2,0.6,1.8,2.5,2.4,4.9,7.3,1.3,0.6,1.1,1.4,2.9,10.5,0.576,0.598,0.34,0.715,0.62,0.591,F
102,Zach Collins,20,POR,66,1,15.8,1.7,4.4,1.2,2.7,0.5,1.7,0.4,0.6,0.7,2.7,3.3,0.8,0.3,0.5,0.9,2,4.4,0.398,0.455,0.31,0.643,0.475,0.458,C-F
103,Kyle Collinsworth,26,DAL,32,2,15,1.2,3.1,1.1,2.6,0.1,0.5,0.7,1.3,1,2.3,3.3,1.8,0.5,0.3,0.8,1.4,3.2,0.384,0.415,0.235,0.525,0.433,0.404,G-F
104,Darren Collison,30,IND,69,64,29.2,4.6,9.2,3.2,6.3,1.4,3,1.8,2.1,0.5,2,2.6,5.3,1.3,0.2,1.2,1.8,12.4,0.495,0.508,0.468,0.882,0.61,0.571,G
105,Nick Collison,37,OKC,15,0,5,0.9,1.3,0.9,1.3,0,0,0.3,0.9,0.5,0.9,1.3,0.3,0,0,0.5,0.5,2.1,0.684,0.684,,0.385,0.627,0.684,F
106,Mike Conley,30,MEM,12,12,31.1,5.3,14,3.3,7.6,2,6.4,4.4,5.5,0,2.3,2.3,4.1,1,0.3,1.5,2,17.1,0.381,0.44,0.312,0.803,0.52,0.452,G
107,Pat Connaughton,25,POR,82,5,18.1,2,4.8,1.1,2.2,0.9,2.6,0.5,0.5,0.4,1.5,2,1.1,0.3,0.3,0.5,1.5,5.4,0.423,0.506,0.352,0.841,0.539,0.518,G
108,Quinn Cook,24,GSW,33,18,22.4,3.7,7.6,2.3,4.5,1.4,3.2,0.7,0.8,0.3,2.2,2.5,2.7,0.4,0,1,1.8,9.5,0.484,0.514,0.442,0.88,0.593,0.575,G
109,Charles Cooke,23,NOP,13,0,2.9,0.2,1.1,0.1,0.5,0.1,0.6,0.1,0.2,0,0.2,0.2,0.1,0.1,0,0.1,0,0.5,0.143,0.167,0.125,0.5,0.202,0.179,G
110,Jack Cooley,26,SAC,7,0,12.4,1.9,3.9,1.9,3.9,0,0,2,2.7,2,2.3,4.3,0.9,0.1,0,0.4,1.9,5.7,0.481,0.481,,0.737,0.566,0.481,F-C
111,Matt Costello,24,SAS,4,0,8,0.5,1,0.5,1,0,0,0,0,0.3,2,2.3,0.5,0.5,0.5,0.3,1.8,1,0.5,0.5,,,0.5,0.5,F
112,DeMarcus Cousins,27,NOP,48,48,36.2,8.5,18,6.3,11.9,2.2,6.1,6.1,8.2,2.2,10.7,12.9,5.4,1.6,1.6,5,3.8,25.2,0.47,0.53,0.354,0.746,0.583,0.53,C-F
113,Robert Covington,27,PHI,80,80,31.7,4.3,10.5,1.8,3.6,2.5,6.9,1.5,1.7,0.7,4.7,5.4,2,1.7,0.9,1.6,3,12.6,0.413,0.497,0.369,0.853,0.563,0.534,F-C
114,Allen Crabbe,25,BRK,75,68,29.3,4.5,11,1.8,3.9,2.7,7.1,1.5,1.8,0.4,3.9,4.3,1.6,0.6,0.5,1,2.2,13.2,0.407,0.461,0.378,0.852,0.558,0.529,G-F
115,Torrey Craig,27,DEN,39,5,16.1,1.6,3.5,1.2,2,0.4,1.5,0.6,0.9,1,2.2,3.3,0.6,0.3,0.4,0.5,1.6,4.2,0.453,0.57,0.293,0.629,0.535,0.515,G-F
116,Jamal Crawford,37,MIN,80,0,20.7,3.9,9.3,2.6,5.4,1.3,3.9,1.3,1.4,0.3,1,1.2,2.3,0.5,0.1,1.2,1.1,10.3,0.415,0.477,0.331,0.903,0.519,0.485,G
117,Jordan Crawford,29,NOP,5,0,10.6,2.4,5.4,0.8,2.6,1.6,2.8,0.2,0.2,0.4,0.4,0.8,2.6,0.2,0.2,1,1.4,6.6,0.444,0.308,0.571,1,0.601,0.593,G
118,Jae Crowder,27,CLEUTA,80,47,26.1,3.4,8.4,2,4.1,1.4,4.3,1.5,1.9,0.7,2.7,3.4,1.2,0.8,0.3,0.9,2.3,9.7,0.404,0.488,0.323,0.818,0.525,0.486,F
119,Dante Cunningham,30,BRKNOP,73,25,21.4,2.2,5,1.5,2.7,0.8,2.3,0.4,0.7,1.1,3,4.1,0.7,0.5,0.4,0.5,1.5,5.7,0.451,0.541,0.345,0.596,0.539,0.53,F
120,Stephen Curry,29,GSW,51,51,32,8.4,16.9,4.2,7.1,4.2,9.8,5.5,5.9,0.7,4.4,5.1,6.1,1.6,0.2,3,2.2,26.4,0.495,0.595,0.423,0.921,0.675,0.618,G
121,Troy Daniels,26,PHO,79,15,20.5,2.9,7.3,0.6,1.5,2.3,5.8,0.7,0.8,0.2,1.5,1.6,0.6,0.3,0.1,0.7,1.7,8.9,0.403,0.419,0.4,0.875,0.583,0.563,G
122,Anthony Davis,24,NOP,75,75,36.4,10.4,19.5,9.7,17.3,0.7,2.2,6.6,8,2.5,8.6,11.1,2.3,1.5,2.6,2.2,2.1,28.1,0.534,0.558,0.34,0.828,0.612,0.552,F-C
123,Deyonta Davis,21,MEM,62,6,15.2,2.6,4.3,2.6,4.3,0,0,0.6,0.9,1.2,2.8,4,0.6,0.2,0.6,0.5,2,5.8,0.608,0.608,,0.667,0.621,0.608,C-F
124,Ed Davis,28,POR,78,0,18.9,2.2,3.7,2.2,3.7,0,0,0.9,1.4,2.3,5,7.4,0.5,0.4,0.7,0.8,2.4,5.3,0.582,0.584,0,0.667,0.607,0.582,F
125,Dewayne Dedmon,28,ATL,62,46,24.9,4,7.7,3.2,5.4,0.8,2.3,1.1,1.4,1.6,6.3,7.9,1.5,0.6,0.8,1.4,2.6,10,0.524,0.595,0.355,0.779,0.599,0.577,C
126,Sam Dekker,23,LAC,73,1,12.1,1.8,3.5,1.6,2.7,0.1,0.8,0.5,0.8,0.6,1.8,2.4,0.5,0.3,0.1,0.5,1,4.2,0.494,0.593,0.167,0.661,0.534,0.514,F
127,Malcolm Delaney,28,ATL,54,3,18.8,2,5.3,1.2,3,0.9,2.3,1.4,1.7,0.2,1.7,1.9,3,0.6,0.1,1.2,1.5,6.3,0.382,0.391,0.371,0.804,0.519,0.463,G
128,Matthew Dellavedova,27,MIL,38,3,18.7,1.4,4,0.7,1.9,0.8,2.1,0.7,0.7,0.4,1.3,1.7,3.8,0.4,0,1.3,1.8,4.3,0.362,0.351,0.372,0.926,0.5,0.457,G
129,Luol Deng,32,LAL,1,1,13,1,2,1,2,0,0,0,0,0,0,0,1,1,0,1,0,2,0.5,0.5,,,0.5,0.5,F
130,DeMar DeRozan,28,TOR,80,80,33.9,8.1,17.7,7,14.1,1.1,3.6,5.8,7,0.7,3.2,3.9,5.2,1.1,0.3,2.2,1.9,23,0.456,0.494,0.31,0.825,0.555,0.488,G-F
131,Cheick Diallo,21,NOP,52,0,11.2,2,3.4,2,3.4,0,0,1,1.3,0.9,3.2,4.1,0.4,0.2,0.4,0.5,1.6,4.9,0.58,0.58,,0.758,0.619,0.58,F
132,Gorgui Dieng,28,MIN,79,0,16.9,2.4,4.9,2.1,4.1,0.2,0.8,1,1.3,1.3,3.2,4.6,0.9,0.6,0.5,0.7,1.9,5.9,0.479,0.511,0.311,0.775,0.543,0.504,C
133,Spencer Dinwiddie,24,BRK,80,58,28.8,4.1,10.5,2.3,5.1,1.8,5.4,2.7,3.4,0.5,2.7,3.2,6.6,0.9,0.3,1.6,2.3,12.6,0.387,0.452,0.326,0.813,0.527,0.471,G
134,Tyler Dorsey,21,ATL,56,5,17.4,2.6,6.8,1.3,3.3,1.3,3.6,0.8,1.1,0.3,2,2.3,1.4,0.3,0.1,0.7,1.1,7.2,0.377,0.393,0.362,0.714,0.494,0.471,G
135,Damyean Dotson,23,NYK,44,2,10.8,1.6,3.7,1.1,2.1,0.5,1.5,0.4,0.5,0.2,1.7,1.9,0.7,0.3,0,0.4,0.8,4.1,0.447,0.538,0.324,0.696,0.532,0.516,G
136,Milton Doyle,24,BRK,10,0,12.5,1.3,4.7,0.9,2.4,0.4,2.3,0.4,0.8,0.3,1.5,1.8,1,0.6,0.2,0.2,1.3,3.4,0.277,0.375,0.174,0.5,0.337,0.319,G
137,PJ Dozier,21,OKC,2,0,1.5,0.5,1,0.5,1,0,0,0,0,0,0.5,0.5,0,0,0,0.5,0.5,1,0.5,0.5,,,0.5,0.5,G
138,Goran Dragić,31,MIA,75,75,31.7,6.5,14.3,5,10.3,1.5,4,2.9,3.6,0.7,3.4,4.1,4.8,0.8,0.2,2.2,2.4,17.3,0.45,0.481,0.37,0.801,0.543,0.502,G
139,Larry Drew II,27,NOPPHI,10,0,7,0.7,2.4,0.4,1.5,0.3,0.9,0,0,0.3,0,0.3,1,0,0,0.3,0.6,1.7,0.292,0.267,0.333,,0.354,0.354,G
140,Andre Drummond,24,DET,78,78,33.7,6,11.3,6,11.2,0,0.1,3.1,5.1,5.1,10.9,16,3,1.5,1.6,2.6,3.2,15,0.529,0.536,0,0.605,0.555,0.529,C
141,Jared Dudley,32,PHO,48,0,14.3,1,2.5,0.4,0.9,0.6,1.7,0.6,0.7,0.2,1.8,2,1.6,0.5,0.2,0.6,1.8,3.2,0.393,0.452,0.363,0.771,0.553,0.512,F-G
142,Kris Dunn,23,CHI,52,43,29.3,5.5,12.8,4.7,10.2,0.8,2.6,1.6,2.2,0.5,3.8,4.3,6,2,0.5,2.9,3.3,13.4,0.429,0.457,0.321,0.737,0.488,0.462,G
143,Kevin Durant,29,GSW,68,68,34.2,9.3,18,6.7,11.9,2.5,6.1,5.3,5.9,0.5,6.4,6.8,5.4,0.7,1.8,3,2,26.4,0.516,0.565,0.419,0.889,0.64,0.586,F-G
144,Jarell Eddie,26,BOSCHI,3,0,3,0,0.7,0,0,0,0.7,0,0,0,0.3,0.3,0,0.3,0,0,0,0,0,,0,,0,0,G-F
145,Henry Ellenson,21,DET,38,0,8.7,1.4,3.8,0.9,2.3,0.5,1.6,0.7,0.8,0.3,1.9,2.1,0.5,0.1,0,0.5,0.6,4,0.363,0.384,0.333,0.862,0.476,0.432,F
146,Wayne Ellington,30,MIA,77,2,26.5,3.7,9.1,0.8,1.6,2.9,7.5,0.9,1,0.3,2.5,2.8,1,0.7,0.1,0.7,1.2,11.2,0.407,0.479,0.392,0.859,0.588,0.569,G
147,Joel Embiid,23,PHI,63,63,30.3,8.1,16.8,7,13.4,1,3.4,5.7,7.4,2.3,8.7,11,3.2,0.6,1.8,3.7,3.3,22.9,0.483,0.527,0.308,0.769,0.573,0.514,C
148,James Ennis III,27,DETMEM,72,22,22.3,2.5,5.3,1.8,3.2,0.7,2.1,1.3,1.6,1,2.1,3.1,1,0.7,0.3,0.8,1.9,7.1,0.474,0.567,0.333,0.836,0.588,0.54,F
149,Tyler Ennis,23,LAL,54,11,12.6,1.7,4.1,1.5,3.1,0.3,1,0.4,0.5,0.4,1.4,1.8,1.9,0.6,0.2,0.7,1.4,4.1,0.42,0.476,0.25,0.759,0.473,0.451,G
150,Jawun Evans,21,LAC,48,4,16.2,1.9,5.3,1.5,4.1,0.3,1.1,0.8,1,0.2,1.6,1.8,2.1,0.8,0.1,0.9,2,4.8,0.352,0.372,0.278,0.776,0.421,0.381,G
151,Jeremy Evans,30,ATL,1,0,5,1,1,1,1,0,0,0,0,1,0,1,0,0,0,1,1,2,1,1,,,1,1,F
152,Tyreke Evans,28,MEM,52,32,30.9,7,15.6,4.8,10.1,2.2,5.5,3.2,4,0.8,4.3,5.1,5.2,1.1,0.3,2.3,1.8,19.4,0.452,0.482,0.399,0.785,0.561,0.523,G-F
153,Dante Exum,22,UTA,14,0,16.8,3,6.2,2.6,4.9,0.4,1.3,1.8,2.2,0.3,1.6,1.9,3.1,0.6,0.2,1.4,1.4,8.1,0.483,0.536,0.278,0.806,0.566,0.511,G
154,Kenneth Faried,28,DEN,32,7,14.4,2.4,4.6,2.4,4.6,0,0,1.1,1.6,2.1,2.7,4.8,0.6,0.4,0.4,0.7,1.6,5.9,0.514,0.517,0,0.706,0.552,0.514,F-C
155,Derrick Favors,26,UTA,77,77,28,5.1,9.1,4.9,8.3,0.2,0.8,1.8,2.8,2.6,4.6,7.2,1.3,0.7,1.1,1.1,2.1,12.3,0.563,0.596,0.222,0.651,0.593,0.573,F-C
156,Kay Felder,22,CHIDET,16,0,8.8,1.3,4.4,1.1,3.2,0.3,1.2,0.7,0.8,0.2,0.9,1.1,1.3,0.2,0.1,1,0.7,3.6,0.3,0.333,0.211,0.917,0.379,0.329,G
157,Cristiano Felício,25,CHI,55,16,17.8,2.3,3.9,2.3,3.9,0,0,1,1.5,1.5,2.7,4.2,1,0.3,0.2,1,1.9,5.6,0.591,0.596,0,0.667,0.614,0.591,F-C
158,Raymond Felton,33,OKC,82,2,16.6,2.7,6.7,1.7,3.9,1,2.8,0.4,0.5,0.3,1.6,1.9,2.5,0.6,0.2,0.9,1.1,6.9,0.406,0.444,0.352,0.818,0.494,0.479,G
159,Terrance Ferguson,19,OKC,61,12,12.5,1.1,2.8,0.5,0.8,0.7,2,0.1,0.2,0.3,0.5,0.8,0.3,0.4,0.2,0.2,1.4,3.1,0.414,0.612,0.333,0.9,0.545,0.533,G-F
160,Yogi Ferrell,24,DAL,82,21,27.8,3.8,8.9,2.2,4.5,1.6,4.4,1,1.3,0.3,2.7,3,2.5,0.8,0.1,1,1.9,10.2,0.426,0.477,0.373,0.796,0.54,0.518,G
161,Dorian Finney-Smith,24,DAL,21,13,21.3,2.2,5.8,1.2,2.6,1,3.2,0.5,0.7,1,2.5,3.6,1.2,0.5,0.2,1,2,5.9,0.38,0.481,0.299,0.733,0.482,0.463,F
162,Bryn Forbes,24,SAS,80,12,19,2.6,6.2,1.5,3.4,1.1,2.9,0.6,0.9,0.2,1.2,1.4,1,0.4,0,0.5,1.4,6.9,0.421,0.446,0.39,0.667,0.525,0.51,G
163,Evan Fournier,25,ORL,57,57,32.2,6.5,14.1,4.2,8.2,2.2,5.9,2.6,3,0.4,2.8,3.2,2.9,0.8,0.3,1.7,2.4,17.8,0.459,0.516,0.379,0.867,0.577,0.538,G-F
164,De'Aaron Fox,20,SAC,73,60,27.8,4.5,10.9,3.8,8.8,0.6,2.1,1.9,2.7,0.5,2.3,2.8,4.4,1,0.3,2.4,2.2,11.6,0.412,0.436,0.307,0.723,0.478,0.441,G
165,Tim Frazier,27,WAS,59,11,14.2,1.2,2.9,0.9,2,0.3,0.9,0.4,0.5,0.3,1.6,1.9,3.3,0.8,0.1,1,1.6,3,0.395,0.44,0.304,0.767,0.475,0.445,G
166,Enes Freedom,25,NYK,71,71,25.8,5.9,10,5.9,10,0,0,2.2,2.6,3.8,7.1,11,1.5,0.5,0.5,1.7,2.6,14.1,0.592,0.594,0,0.848,0.63,0.592,C
167,Channing Frye,34,CLELAL,53,1,13.1,2,4,1.2,1.8,0.7,2.2,0.3,0.4,0.2,2.3,2.5,0.7,0.3,0.2,0.4,1.3,5,0.491,0.67,0.339,0.895,0.599,0.583,C-F
168,Markelle Fultz,19,PHI,14,0,18.1,3.2,7.9,3.2,7.9,0,0.1,0.7,1.5,0.8,2.3,3.1,3.8,0.9,0.3,1.2,1.6,7.1,0.405,0.409,0,0.476,0.416,0.405,G
169,Danilo Gallinari,29,LAC,21,21,32,4.9,12.2,3.1,6.9,1.7,5.3,3.9,4.1,0.4,4.4,4.8,2,0.6,0.5,1.2,1.4,15.3,0.398,0.455,0.324,0.931,0.545,0.469,F
170,Langston Galloway,26,DET,58,2,14.9,2.2,5.9,0.9,2.1,1.3,3.8,0.6,0.7,0.2,1.4,1.6,1,0.6,0.1,0.3,0.7,6.2,0.371,0.418,0.344,0.805,0.503,0.481,G
171,Marc Gasol,33,MEM,73,73,33,5.9,14.2,4.5,9.8,1.5,4.4,3.8,4.6,1.1,7,8.1,4.2,0.7,1.4,2.7,2.5,17.2,0.42,0.456,0.341,0.834,0.532,0.473,C
172,Pau Gasol,37,SAS,77,63,23.5,3.7,8.1,3.2,6.6,0.6,1.6,2.1,2.7,1.7,6.4,8,3.1,0.3,1,1.4,1.6,10.1,0.458,0.481,0.358,0.756,0.539,0.492,C-F
173,Rudy Gay,31,SAS,57,6,21.6,4.4,9.4,3.8,7.4,0.6,2.1,2,2.5,1.3,3.8,5.1,1.3,0.8,0.7,1.4,1.7,11.5,0.471,0.516,0.314,0.772,0.545,0.506,F
174,Paul George,27,OKC,79,79,36.6,7.3,17,4.2,9.3,3.1,7.7,4.3,5.2,0.9,4.7,5.7,3.3,2,0.5,2.7,2.9,21.9,0.43,0.454,0.401,0.822,0.57,0.521,F
175,Marcus Georges-Hunt,23,MIN,42,0,5.3,0.5,1.1,0.4,0.8,0.1,0.4,0.3,0.5,0.2,0.2,0.4,0.2,0.1,0,0.1,0.8,1.4,0.438,0.515,0.267,0.619,0.515,0.479,G
176,Jonathan Gibson,30,BOS,4,0,10,3.5,5.8,2,2.8,1.5,3,0,0,0,0.8,0.8,1,0,0,0.8,1.3,8.5,0.609,0.727,0.5,,0.739,0.739,G
177,Taj Gibson,32,MIN,82,82,33.2,5.2,9,5.1,8.6,0.1,0.4,1.7,2.3,2.4,4.8,7.1,1.2,0.8,0.7,1.1,2.7,12.2,0.577,0.595,0.2,0.768,0.61,0.581,F
178,Manu Ginóbili,40,SAS,65,0,20,3.1,7.1,2.1,4.2,1,3,1.7,2,0.3,1.9,2.2,2.5,0.7,0.2,1.6,1.9,8.9,0.434,0.506,0.333,0.84,0.553,0.503,G
179,Rudy Gobert,25,UTA,56,56,32.4,4.9,7.9,4.9,7.9,0,0,3.6,5.3,2.9,7.8,10.7,1.4,0.8,2.3,1.9,2.7,13.5,0.622,0.622,,0.682,0.657,0.622,C
180,Aaron Gordon,22,ORL,58,57,32.9,6.5,14.9,4.5,9,2,5.9,2.7,3.9,1.5,6.4,7.9,2.3,1,0.8,1.8,1.9,17.6,0.434,0.497,0.336,0.698,0.53,0.5,F
181,Eric Gordon,29,HOU,69,30,31.2,6,14.1,2.9,5.2,3.2,8.8,2.8,3.5,0.4,2.1,2.5,2.2,0.6,0.4,1.9,1.7,18,0.428,0.544,0.359,0.809,0.578,0.54,G-F
182,Marcin Gortat,33,WAS,82,82,25.3,3.5,6.8,3.5,6.8,0,0,1.3,2,2.2,5.4,7.6,1.8,0.5,0.7,1.2,2.1,8.4,0.518,0.518,,0.675,0.546,0.518,C-F
183,Treveon Graham,24,CHO,63,2,16.7,1.5,3.5,0.9,2,0.6,1.5,0.7,0.9,0.7,1.3,1.9,0.9,0.5,0,0.4,1.7,4.3,0.434,0.452,0.412,0.695,0.553,0.525,G
184,Jerami Grant,23,OKC,81,1,20.3,3,5.6,2.6,4.3,0.4,1.4,2,3,1.1,2.9,3.9,0.7,0.4,1,0.7,1.9,8.4,0.535,0.613,0.291,0.675,0.607,0.57,F
185,Jerian Grant,25,CHI,74,26,22.8,2.8,6.8,2,4.3,0.8,2.5,1.9,2.5,0.4,1.9,2.3,4.6,0.9,0.1,1.2,1.8,8.4,0.416,0.468,0.326,0.745,0.528,0.476,G
186,Josh Gray,24,PHO,5,0,17.2,2.2,8.2,1.6,5.6,0.6,2.6,1.4,2.2,0.4,1.6,2,2.4,1.6,0.4,1.4,1.6,6.4,0.268,0.286,0.231,0.636,0.349,0.305,G
187,Danny Green,30,SAS,70,60,25.6,3.1,8,1.4,3.4,1.7,4.6,0.7,0.9,0.6,3,3.6,1.6,0.9,1.1,1.1,1.7,8.6,0.387,0.419,0.363,0.769,0.509,0.49,G-F
188,Draymond Green,27,GSW,70,70,32.7,4,8.8,2.9,5.2,1.1,3.7,1.9,2.5,1.1,6.6,7.6,7.3,1.4,1.3,2.9,2.6,11,0.454,0.562,0.301,0.775,0.556,0.516,F
189,Gerald Green,32,HOU,41,2,22.7,4.1,10.1,1.4,2.8,2.7,7.3,1.2,1.5,0.4,2.9,3.2,0.6,0.6,0.4,0.8,2.1,12.1,0.407,0.504,0.369,0.85,0.566,0.54,G-F
190,JaMychal Green,27,MEM,55,54,28,4.1,8.9,3.3,6.6,0.8,2.3,1.5,2,2.7,5.8,8.4,1.4,0.6,0.5,1.4,2.8,10.3,0.457,0.499,0.339,0.721,0.53,0.501,F
191,Jeff Green,31,CLE,78,13,23.4,3.8,7.9,3.1,5.7,0.7,2.2,2.6,3,0.8,2.4,3.2,1.3,0.5,0.4,1,1.9,10.8,0.477,0.54,0.312,0.868,0.587,0.52,F
192,Blake Griffin,28,DETLAC,58,58,34,7.5,17.2,5.6,11.6,1.9,5.6,4.5,5.7,1.3,6.1,7.4,5.8,0.7,0.3,2.8,2.4,21.4,0.438,0.482,0.345,0.785,0.544,0.493,F
193,Daniel Hamilton,22,OKC,6,0,4.7,0.8,1.8,0.5,1,0.3,0.8,0,0,0,0.8,0.8,1.3,0.2,0,0.3,0.3,2,0.455,0.5,0.4,,0.545,0.545,G-F
194,Tim Hardaway Jr.,25,NYK,57,54,33.1,6.3,15,4,7.8,2.3,7.2,2.6,3.1,0.6,3.4,3.9,2.7,1.1,0.2,1.6,2.2,17.5,0.421,0.516,0.317,0.816,0.533,0.496,G
195,James Harden,28,HOU,72,72,35.4,9,20.1,5.4,10.1,3.7,10,8.7,10.1,0.6,4.8,5.4,8.8,1.8,0.7,4.4,2.3,30.4,0.449,0.531,0.367,0.858,0.619,0.541,G
196,Maurice Harkless,24,POR,59,36,21.4,2.5,5,1.7,3,0.8,2,0.7,1,0.8,2,2.7,0.9,0.8,0.7,0.7,1.7,6.5,0.495,0.547,0.415,0.712,0.596,0.577,F-G
197,Montrezl Harrell,24,LAC,76,3,17,4.6,7.2,4.6,7.1,0,0.1,1.8,2.9,1.4,2.7,4,1,0.5,0.7,0.9,1.9,11,0.635,0.641,0.143,0.626,0.647,0.636,F-C
198,Devin Harris,34,DALDEN,71,1,18.9,2.6,6.4,1.5,3.2,1.1,3.2,2,2.4,0.2,1.6,1.8,2.1,0.7,0.2,1.1,2.2,8.4,0.412,0.476,0.348,0.835,0.563,0.499,G
199,Gary Harris,23,DEN,67,65,34.4,6.6,13.6,4.2,7.7,2.3,5.9,2,2.4,0.6,2.1,2.6,2.9,1.8,0.2,1.8,1.8,17.5,0.485,0.553,0.396,0.827,0.597,0.57,G
200,Joe Harris,26,BRK,78,14,25.3,3.9,8,2,3.4,1.9,4.6,1.1,1.3,0.7,2.7,3.3,1.6,0.4,0.3,1.2,2,10.8,0.491,0.589,0.419,0.827,0.634,0.612,G
201,Tobias Harris,25,DETLAC,80,80,33.4,7,15.3,4.7,9.7,2.3,5.6,2.2,2.7,0.7,4.7,5.5,2.4,0.9,0.4,1.3,2.1,18.6,0.46,0.488,0.411,0.829,0.565,0.535,F
202,Aaron Harrison,23,DAL,9,3,25.9,2.1,7.7,1.1,2.9,1,4.8,1.4,1.9,0.4,2.2,2.7,1.2,1,0.2,0.3,3,6.7,0.275,0.385,0.209,0.765,0.392,0.341,G
203,Andrew Harrison,23,MEM,56,46,23.7,3.2,7.7,2.4,5.1,0.8,2.5,2.2,2.8,0.4,1.9,2.3,3.2,0.7,0.5,1.4,2.5,9.5,0.422,0.467,0.331,0.78,0.534,0.477,G
204,Shaquille Harrison,24,PHO,23,2,16.7,2.6,5.4,2.3,4.3,0.3,1.1,1.2,1.7,0.4,2.3,2.7,2.4,1.1,0.3,1,1.8,6.6,0.476,0.541,0.231,0.737,0.54,0.5,G
205,Josh Hart,22,LAL,63,23,23.2,2.8,6,1.6,2.8,1.2,3.1,1,1.5,0.7,3.5,4.2,1.3,0.7,0.3,0.7,1.7,7.9,0.469,0.551,0.396,0.702,0.596,0.573,G
206,Udonis Haslem,37,MIA,14,0,5.1,0.2,1.1,0.1,0.5,0.1,0.6,0.1,0.1,0.2,0.5,0.7,0.4,0,0.1,0.1,0.2,0.6,0.2,0.286,0.125,0.5,0.252,0.233,F-C
207,Nigel Hayes,23,LALSACTOR,9,0,13.6,1.2,3.7,0.8,1.9,0.4,1.8,0.1,0.3,0.4,2,2.4,0.7,0.2,0.3,0.2,0.9,3,0.333,0.412,0.25,0.333,0.393,0.394,F
208,Gordon Hayward,27,BOS,1,1,5,1,2,1,1,0,1,0,0,0,1,1,0,0,0,0,1,2,0.5,1,0,,0.5,0.5,F-G
209,Reggie Hearn,26,DET,3,0,2.3,0.3,0.7,0,0,0.3,0.7,0,0,0,0,0,0,0,0,0,0,1,0.5,,0.5,,0.75,0.75,G
210,Myke Henry,25,MEM,20,0,18.9,2.1,5.5,1.1,2.6,1,2.9,0.3,0.5,0.5,1.4,1.9,1.1,1.6,0.3,1,1.4,5.4,0.376,0.431,0.328,0.6,0.472,0.463,F
211,John Henson,27,MIL,76,69,25.9,3.8,6.6,3.8,6.5,0,0.1,1.2,2.1,2,4.8,6.8,1.5,0.6,1.4,1.1,2.7,8.8,0.572,0.578,0.143,0.57,0.582,0.573,C-F
212,Juancho Hernangómez,22,DEN,25,3,11.1,1.2,3,0.6,1,0.6,2,0.4,0.5,0.7,1.4,2.2,0.5,0.2,0.1,0.4,1,3.3,0.387,0.6,0.28,0.833,0.511,0.48,F
213,Willy Hernangómez,23,CHONYK,48,1,10.3,1.9,3.4,1.8,3.2,0.1,0.3,1.2,1.9,1.3,2.5,3.8,0.7,0.4,0.3,0.7,1.3,5.1,0.555,0.566,0.417,0.656,0.604,0.57,C
214,Mario Hezonja,22,ORL,75,30,22.1,3.6,8.2,2.4,4.7,1.2,3.6,1.1,1.4,0.5,3.2,3.7,1.4,1.1,0.4,1.1,1.8,9.6,0.442,0.523,0.337,0.819,0.544,0.515,F-G
215,Isaiah Hicks,23,NYK,18,0,13.3,1.8,4,1.7,3.5,0.1,0.5,0.7,1,0.6,1.7,2.3,0.9,0.1,0.2,0.9,2.5,4.4,0.458,0.492,0.222,0.667,0.501,0.472,F
216,Buddy Hield,25,SAC,80,12,25.3,5.2,11.7,3,6.6,2.2,5.1,0.9,1,0.7,3.2,3.8,1.9,1.1,0.3,1.6,1.9,13.5,0.446,0.457,0.431,0.877,0.557,0.54,G
217,Nenê,35,HOU,52,4,14.6,2.6,4.6,2.6,4.6,0,0,1.3,2.1,1,2.3,3.4,0.9,0.5,0.3,0.7,2.4,6.5,0.569,0.574,0,0.636,0.594,0.569,F-C
218,George Hill,31,CLESAC,67,60,27,3.5,7.7,2.3,4.6,1.3,3.1,1.6,2.1,0.6,2.1,2.7,2.8,0.9,0.4,1.3,1.9,10,0.46,0.49,0.415,0.786,0.58,0.543,G
219,Solomon Hill,26,NOP,12,1,15.6,0.9,3.4,0.6,1.7,0.3,1.8,0.3,0.5,0.8,2.3,3,1.8,0.6,0.1,0.8,1.8,2.4,0.268,0.35,0.19,0.5,0.332,0.317,F
220,Darrun Hilliard,24,SAS,14,0,6.8,0.4,1.4,0.4,0.9,0,0.4,0.4,0.5,0,0.5,0.5,0.8,0.1,0,0.3,0.5,1.1,0.263,0.385,0,0.857,0.362,0.263,G
221,Jrue Holiday,27,NOP,81,81,36.1,7.6,15.4,6.1,11,1.5,4.4,2.3,2.9,0.8,3.7,4.5,6,1.5,0.8,2.6,2.5,19,0.494,0.557,0.337,0.786,0.57,0.543,G
222,Justin Holiday,28,CHI,72,72,31.5,4,10.9,1.8,4.6,2.2,6.2,1.9,2.3,0.4,3.6,4,2.1,1.1,0.4,1.3,1.9,12.2,0.371,0.387,0.359,0.823,0.513,0.474,F
223,John Holland,29,CLE,24,0,7.3,0.7,2.5,0.3,1,0.5,1.5,0.4,0.5,0.3,0.8,1,0.2,0.3,0.1,0.3,0.4,2.3,0.288,0.261,0.306,0.692,0.417,0.381,G-F
224,Rondae Hollis-Jefferson,23,BRK,68,59,28.2,5,10.6,4.8,9.9,0.2,0.8,3.7,4.6,1.5,5.3,6.8,2.5,1,0.7,1.8,2.1,13.9,0.472,0.491,0.241,0.788,0.548,0.481,F
225,Richaun Holmes,24,PHI,48,2,15.5,2.8,5,2.7,4.4,0.1,0.6,0.8,1.2,1.2,3.2,4.4,1.3,0.4,0.6,0.5,2,6.5,0.56,0.624,0.129,0.661,0.585,0.568,F-C
226,Rodney Hood,25,CLEUTA,60,23,26.9,5.4,12.5,3.3,7,2.1,5.6,1.9,2.2,0.4,2.4,2.8,1.6,0.8,0.2,1.2,1.8,14.7,0.429,0.467,0.381,0.86,0.546,0.513,G-F
227,Scotty Hopson,28,DAL,1,0,8,0,1,0,1,0,0,1,2,0,0,0,1,0,0,1,0,1,0,0,,0.5,0.266,0,G
228,Al Horford,31,BOS,72,72,31.6,5.1,10.5,3.8,7.3,1.3,3.1,1.3,1.7,1.4,5.9,7.4,4.7,0.6,1.1,1.8,1.9,12.9,0.489,0.514,0.429,0.783,0.575,0.553,C-F
229,Danuel House Jr.,24,PHO,23,3,17.5,2.4,5.6,1.8,3.1,0.7,2.5,1.1,1.3,0.6,2.7,3.3,1.1,0.3,0.3,0.5,1,6.6,0.434,0.577,0.259,0.806,0.533,0.492,G
230,Dwight Howard,32,CHO,81,81,30.4,6.2,11.2,6.2,11.2,0,0.1,4.1,7.2,3.1,9.3,12.5,1.3,0.6,1.6,2.6,3.1,16.6,0.555,0.559,0.143,0.574,0.577,0.556,C
231,Josh Huestis,26,OKC,69,10,14.2,0.9,2.6,0.4,1,0.5,1.7,0.1,0.3,0.6,1.7,2.3,0.3,0.2,0.6,0.4,1.2,2.3,0.33,0.403,0.287,0.3,0.417,0.42,F
232,R.J. Hunter,24,HOU,5,1,9,1.4,4,0.8,1.2,0.6,2.8,0.4,0.4,0,1,1,0.6,0.6,0,0.4,1.4,3.8,0.35,0.667,0.214,1,0.455,0.425,G
233,Vince Hunter,23,MEM,4,0,1.8,0.8,1.3,0.8,1.3,0,0,0,0,0.5,0.3,0.8,0,0,0.3,0.3,0,1.5,0.6,0.6,,,0.6,0.6,F
234,Serge Ibaka,28,TOR,76,76,27.5,5,10.3,3.6,6.4,1.4,3.9,1.2,1.6,1,5.3,6.3,0.8,0.4,1.3,1.2,2.8,12.6,0.483,0.559,0.36,0.797,0.574,0.552,F-C
235,Andre Iguodala,34,GSW,64,7,25.3,2.3,5,1.8,3.2,0.5,1.8,0.9,1.4,0.8,3.1,3.8,3.3,0.8,0.6,1,1.5,6,0.463,0.567,0.282,0.632,0.536,0.514,G-F
236,Ersan İlyasova,30,ATLPHI,69,43,25.1,4,8.9,2.7,5.2,1.3,3.7,1.5,2,1.7,4.2,5.9,1.3,0.9,0.4,1,2.3,10.9,0.452,0.517,0.36,0.778,0.558,0.526,F
237,Joe Ingles,30,UTA,82,81,31.4,4.1,8.8,1.6,3.1,2.5,5.7,0.8,1,0.3,3.9,4.2,4.8,1.1,0.2,1.9,2.2,11.5,0.467,0.516,0.44,0.795,0.623,0.609,F-G
238,Andre Ingram,32,LAL,2,0,32,4,8.5,1.5,4,2.5,4.5,1.5,1.5,0.5,2.5,3,3.5,1.5,1.5,1.5,1.5,12,0.471,0.375,0.556,1,0.655,0.618,G
239,Brandon Ingram,20,LAL,59,59,33.5,6.1,12.9,5.4,11.1,0.7,1.8,3.3,4.8,1,4.4,5.3,3.9,0.8,0.7,2.5,2.8,16.1,0.47,0.483,0.39,0.681,0.536,0.497,F
240,Kyrie Irving,25,BOS,60,60,32.2,8.9,18.1,6.1,11.3,2.8,6.8,3.9,4.4,0.6,3.2,3.8,5.1,1.1,0.3,2.3,2,24.4,0.491,0.541,0.408,0.889,0.61,0.568,G
241,Jonathan Isaac,20,ORL,27,10,19.9,2,5.4,1.4,3.7,0.6,1.7,0.7,0.9,0.6,3.1,3.7,0.7,1.2,1.1,1,1.8,5.4,0.379,0.394,0.348,0.76,0.465,0.434,F
242,Wes Iwundu,23,ORL,62,12,16.5,1.5,3.5,1.4,2.8,0.1,0.7,0.5,0.8,0.6,1.6,2.2,0.9,0.5,0.2,0.5,1.3,3.7,0.427,0.488,0.196,0.723,0.48,0.447,F
243,Jarrett Jack,34,NYK,62,56,25,3,7.1,2.6,5.8,0.4,1.4,1,1.2,0.4,2.7,3.1,5.6,0.6,0.1,1.9,1.6,7.5,0.427,0.459,0.291,0.84,0.489,0.455,G
244,Aaron Jackson,31,HOU,1,0,35,3,9,2,5,1,4,1,2,2,1,3,1,0,0,1,4,8,0.333,0.4,0.25,0.5,0.405,0.389,G
245,Demetrius Jackson,23,HOUPHI,15,0,5.3,0.5,1.2,0.4,0.7,0.1,0.5,0.1,0.1,0.3,0.5,0.8,0.6,0.3,0.1,0.7,0.5,1.1,0.389,0.545,0.143,0.5,0.424,0.417,G
246,Josh Jackson,20,PHO,77,35,25.4,5.1,12.1,4.3,9.3,0.7,2.8,2.3,3.6,1.2,3.3,4.6,1.5,1,0.5,1.9,2.8,13.1,0.417,0.464,0.263,0.634,0.48,0.448,F-G
247,Justin Jackson,22,SAC,68,41,22.1,2.7,6.2,1.9,3.4,0.8,2.7,0.4,0.5,0.4,2.4,2.8,1.1,0.4,0.2,0.6,1.2,6.7,0.442,0.547,0.308,0.722,0.521,0.51,G-F
248,Reggie Jackson,27,DET,45,45,26.7,5.5,12.8,4.3,9.1,1.2,3.8,2.5,3,0.6,2.1,2.8,5.3,0.6,0.1,2.2,1.9,14.6,0.426,0.475,0.308,0.836,0.516,0.471,G
249,LeBron James,33,CLE,82,82,36.9,10.5,19.3,8.6,14.3,1.8,5,4.7,6.5,1.2,7.5,8.6,9.1,1.4,0.9,4.2,1.7,27.5,0.542,0.603,0.367,0.731,0.621,0.59,F-G
250,Mike James,27,NOPPHO,36,10,19.1,3.4,8.9,2.7,6.2,0.7,2.7,1.8,2.3,0.4,2.1,2.5,3.5,0.8,0.2,1.4,1.3,9.3,0.383,0.435,0.265,0.762,0.469,0.424,G
251,Al Jefferson,33,IND,36,1,13.4,3.1,5.8,3.1,5.7,0,0.1,0.8,1,0.8,3.1,4,0.8,0.4,0.6,0.6,1.8,7,0.534,0.541,0,0.833,0.563,0.534,C-F
252,Richard Jefferson,37,DEN,20,0,8.2,0.6,1.4,0.5,1,0.1,0.4,0.2,0.4,0.1,0.8,0.9,0.8,0.1,0.1,0.3,0.6,1.5,0.444,0.5,0.286,0.571,0.499,0.481,F
253,Brandon Jennings,28,MIL,14,0,14.6,1.9,5.1,1.3,2.8,0.6,2.4,0.7,0.7,0.4,1.9,2.2,3.1,0.4,0.3,1.3,0.8,5.2,0.375,0.462,0.273,1,0.478,0.438,G
254,Jonas Jerebko,30,UTA,74,19,15.3,2.1,4.6,1.3,2.5,0.9,2.1,0.6,0.8,0.7,2.6,3.3,0.6,0.3,0.2,0.4,1.7,5.8,0.466,0.511,0.414,0.807,0.586,0.562,F
255,Amir Johnson,30,PHI,74,18,15.8,1.9,3.5,1.8,3.1,0.1,0.4,0.7,1.1,1.7,2.8,4.5,1.6,0.6,0.6,0.7,2.6,4.6,0.538,0.57,0.313,0.612,0.575,0.558,F-C
256,Brice Johnson,23,LACMEM,18,0,5.4,1.1,2.3,1.1,2.3,0,0.1,0.2,0.3,0.5,1.2,1.7,0.1,0.5,0.3,0.3,0.7,2.4,0.476,0.488,0,0.6,0.486,0.476,F
257,Dakari Johnson,22,OKC,31,6,5.2,0.7,1.3,0.7,1.3,0,0,0.4,0.6,0.5,0.6,1.1,0.3,0.2,0.3,0.1,0.9,1.8,0.564,0.564,,0.55,0.575,0.564,C
258,James Johnson,30,MIA,73,41,26.6,4.2,8.4,3.5,5.9,0.8,2.5,1.5,2.2,0.8,4.1,4.9,3.8,1,0.7,1.9,2.6,10.8,0.503,0.587,0.308,0.698,0.575,0.55,F
259,Joe Johnson,36,HOUUTA,55,4,21.9,2.7,6.5,1.9,3.9,0.7,2.6,0.7,0.8,0.3,2.9,3.1,1.5,0.3,0.1,0.9,1.2,6.8,0.406,0.493,0.276,0.889,0.49,0.461,G-F
260,Omari Johnson,28,MEM,4,0,18.8,2.3,5.3,1.3,2.3,1,3,0,0,1,1.8,2.8,1.8,0.5,0,0.8,1.5,5.5,0.429,0.556,0.333,,0.524,0.524,F
261,Stanley Johnson,21,DET,69,50,27.4,3,8.1,2.1,4.7,1,3.4,1.6,2.1,0.5,3.2,3.7,1.6,1.4,0.2,1.1,2.4,8.7,0.375,0.439,0.286,0.772,0.48,0.435,F
262,Tyler Johnson,25,MIA,72,39,28.5,4.3,9.9,2.6,5.4,1.7,4.5,1.5,1.8,0.5,3,3.4,2.3,0.8,0.5,1.1,2.1,11.7,0.435,0.491,0.367,0.822,0.549,0.518,G
263,Wesley Johnson,30,LAC,74,40,20.1,2,5,1.2,2.6,0.8,2.4,0.6,0.8,0.4,2.5,2.9,0.8,1,0.8,0.7,2,5.4,0.408,0.471,0.339,0.741,0.512,0.489,F-G
264,Nikola Jokić,22,DEN,75,73,32.6,6.7,13.5,5.2,9.7,1.5,3.7,3.5,4.2,2.6,8.1,10.7,6.1,1.2,0.8,2.8,2.8,18.5,0.499,0.538,0.396,0.85,0.603,0.554,C-F
265,Damian Jones,22,GSW,15,0,5.9,0.7,1.5,0.7,1.5,0,0,0.2,0.3,0.3,0.6,0.9,0.1,0.1,0.2,0.3,0.9,1.7,0.5,0.5,,0.6,0.517,0.5,F-C
266,Derrick Jones Jr.,20,MIAPHO,20,8,12.3,1.1,2.7,0.9,1.8,0.2,0.9,0.8,1.2,1.1,0.9,1.9,0.5,0.2,0.7,0.4,1.2,3.1,0.396,0.514,0.167,0.667,0.48,0.425,F
267,Jalen Jones,24,DALNOP,16,0,11.3,1.6,4.3,1,2.6,0.6,1.6,0.8,1.2,0.8,1.6,2.4,0.3,0.3,0.1,0.4,1.4,4.6,0.382,0.381,0.385,0.632,0.485,0.456,G
268,Tyus Jones,21,MIN,82,11,17.9,1.8,4,1.3,2.4,0.5,1.6,0.9,1,0.2,1.4,1.6,2.8,1.2,0.1,0.7,1.3,5.1,0.457,0.528,0.349,0.877,0.572,0.526,G
269,DeAndre Jordan,29,LAC,77,77,31.5,4.8,7.5,4.8,7.5,0,0,2.4,4.1,4.3,10.9,15.2,1.5,0.5,0.9,1.8,2.6,12,0.645,0.645,,0.58,0.648,0.645,C
270,Cory Joseph,26,IND,82,17,27,3.1,7.4,2.3,5,0.8,2.3,0.9,1.1,0.5,2.7,3.2,3.2,1,0.2,1.1,1.7,7.9,0.424,0.457,0.353,0.745,0.503,0.479,G
271,Frank Kaminsky,24,CHO,79,4,23.2,3.9,9.1,2.6,5.6,1.3,3.5,2,2.5,0.6,3.1,3.6,1.6,0.5,0.2,0.8,1.2,11.1,0.429,0.459,0.38,0.799,0.545,0.501,F-C
272,Luke Kennard,21,DET,73,9,20,2.8,6.4,1.7,3.7,1.1,2.7,0.9,1,0.3,2.1,2.4,1.7,0.6,0.2,0.9,1.2,7.6,0.443,0.463,0.415,0.855,0.56,0.53,G
273,Michael Kidd-Gilchrist,24,CHO,74,74,25,3.8,7.6,3.8,7.5,0,0,1.6,2.3,1.1,2.9,4.1,1,0.7,0.4,0.7,1.9,9.2,0.504,0.505,0,0.684,0.536,0.504,F
274,Sean Kilpatrick,28,BRKCHILACMIL,52,1,12.3,2.1,5.7,1.2,2.9,0.9,2.8,1.2,1.4,0.1,1.6,1.7,0.9,0.3,0.1,0.7,0.6,6.3,0.374,0.427,0.319,0.889,0.507,0.452,G
275,Maxi Kleber,26,DAL,72,36,16.8,2.1,4.3,1.5,2.5,0.6,1.8,0.6,0.8,1,2.3,3.3,0.7,0.4,0.7,0.4,1.6,5.4,0.489,0.613,0.313,0.746,0.576,0.553,F
276,Furkan Korkmaz,20,PHI,14,0,5.7,0.6,2,0.2,0.8,0.4,1.2,0.1,0.3,0.1,0.6,0.8,0.3,0.1,0.1,0.1,0.9,1.6,0.286,0.273,0.294,0.5,0.386,0.375,G
277,Luke Kornet,22,NYK,20,1,16.3,2.5,6.3,1.1,2.3,1.4,4,0.4,0.6,0.6,2.7,3.2,1.3,0.3,0.8,0.6,1.4,6.7,0.392,0.457,0.354,0.727,0.516,0.504,F
278,Kyle Korver,36,CLE,73,4,21.6,3,6.6,0.8,1.5,2.2,5.2,0.9,1,0.1,2.1,2.3,1.2,0.4,0.4,0.8,1.8,9.2,0.459,0.537,0.436,0.889,0.652,0.628,G-F
279,Kosta Koufos,28,SAC,71,13,19.6,3.1,5.5,3.1,5.5,0,0,0.5,1,2.1,4.5,6.6,1.2,0.7,0.5,0.7,2.1,6.7,0.571,0.571,,0.446,0.566,0.571,C
280,Kyle Kuzma,22,LAL,77,37,31.2,6.1,13.5,4,7.9,2.1,5.6,1.9,2.7,1.1,5.1,6.3,1.8,0.6,0.4,1.8,2.1,16.1,0.45,0.511,0.366,0.707,0.549,0.527,F
281,Mindaugas Kuzminskas,28,NYK,1,0,2,0,2,0,2,0,0,0,0,0,0,0,0,0,0,0,0,0,0,0,,,0,0,F
282,Skal Labissière,21,SAC,60,28,20.7,3.4,7.6,3.1,6.8,0.3,0.9,1.6,2,1.7,3.2,4.8,1.2,0.4,0.8,1.2,2.2,8.7,0.448,0.459,0.353,0.805,0.513,0.467,F
283,Jeremy Lamb,25,CHO,80,18,24.6,4.8,10.4,3.6,7.2,1.2,3.2,2.2,2.6,0.6,3.4,4.1,2.3,0.8,0.4,1.2,1.7,12.9,0.457,0.495,0.37,0.861,0.559,0.513,G-F
284,Shane Larkin,25,BOS,54,2,14.4,1.6,4.1,1,2.5,0.6,1.6,0.6,0.7,0.3,1.4,1.7,1.8,0.5,0,0.6,1.1,4.3,0.384,0.398,0.36,0.865,0.491,0.454,G
285,Joffrey Lauvergne,26,SAS,55,1,9.7,1.8,3.5,1.8,3.4,0,0.1,0.5,0.9,1.1,2,3.1,0.7,0.2,0.1,0.6,0.8,4.1,0.516,0.53,0,0.638,0.536,0.516,C-F
286,Zach LaVine,22,CHI,24,24,27.3,5.7,14.8,3.9,9.7,1.8,5.1,3.6,4.5,0.4,3.5,3.9,3,1,0.2,1.8,2.3,16.7,0.383,0.405,0.341,0.813,0.499,0.442,G-F
287,Jake Layman,23,POR,35,1,4.6,0.4,1.3,0.3,0.8,0.1,0.6,0.1,0.1,0.1,0.3,0.5,0.3,0.2,0.1,0.1,0.4,1,0.298,0.37,0.2,0.667,0.352,0.34,F
288,T.J. Leaf,20,IND,53,0,8.7,1.2,2.6,0.9,1.8,0.3,0.8,0.2,0.3,0.5,1,1.5,0.2,0.1,0.1,0.2,0.8,2.9,0.471,0.489,0.429,0.625,0.545,0.537,F
289,Courtney Lee,32,NYK,76,69,30.4,4.5,9.9,3,6.3,1.5,3.7,1.5,1.6,0.4,2.6,2.9,2.4,1.1,0.2,1.1,1.4,12,0.454,0.482,0.406,0.919,0.564,0.529,G
290,Damion Lee,25,ATL,15,11,26.9,4.1,10.1,3.1,6.1,1,4,1.5,1.9,0.7,4,4.7,1.9,1.3,0.1,0.9,1.7,10.7,0.408,0.511,0.25,0.759,0.489,0.457,G
291,Walt Lemon Jr.,25,NOP,5,0,7,1.4,3.2,1.2,3,0.2,0.2,0.4,0.6,0,0.4,0.4,1,0,0.2,0.8,1,3.4,0.438,0.4,1,0.667,0.491,0.469,G
292,Alex Len,24,PHO,69,13,20.2,3.1,5.5,3.1,5.4,0,0,2.3,3.3,2.5,5,7.5,1.2,0.4,0.9,1.1,2.3,8.5,0.566,0.568,0.333,0.684,0.612,0.567,C
293,Kawhi Leonard,26,SAS,9,9,23.3,5.8,12.3,4.6,8.4,1.2,3.9,3.4,4.2,0.7,4,4.7,2.3,2,1,1.8,1,16.2,0.468,0.539,0.314,0.816,0.572,0.518,F
294,Meyers Leonard,25,POR,33,2,7.7,1.4,2.4,1.1,1.6,0.3,0.8,0.3,0.3,0.4,1.8,2.1,0.5,0.2,0,0.3,1.1,3.4,0.59,0.673,0.423,0.818,0.676,0.66,C-F
295,Jon Leuer,28,DET,8,0,17,1.9,4.5,1.9,4.1,0,0.4,1.6,1.9,0.9,3.1,4,0.6,0.1,0.4,0.9,2,5.4,0.417,0.455,0,0.867,0.505,0.417,F
296,Caris LeVert,23,BRK,71,10,26.3,4.5,10.4,3.3,6.9,1.2,3.5,1.9,2.6,0.7,2.9,3.7,4.2,1.2,0.3,2.2,2.2,12.1,0.435,0.48,0.347,0.711,0.525,0.493,G-F
297,DeAndre Liggins,29,MILNOP,58,4,12.5,0.7,1.8,0.4,0.9,0.3,0.9,0,0.1,0.1,1.2,1.3,0.8,0.6,0.2,0.3,1.4,1.7,0.377,0.396,0.358,0.4,0.467,0.467,G
298,Damian Lillard,27,POR,73,73,36.6,8.5,19.4,5.4,10.8,3.1,8.6,6.8,7.4,0.8,3.6,4.5,6.6,1.1,0.4,2.8,1.6,26.9,0.439,0.501,0.361,0.916,0.594,0.519,G
299,Jeremy Lin,29,BRK,1,1,25,5,12,4,10,1,2,7,7,0,0,0,4,0,0,3,3,18,0.417,0.4,0.5,1,0.597,0.458,G
300,Shaun Livingston,32,GSW,71,7,15.9,2.4,4.8,2.4,4.8,0,0.1,0.7,0.9,0.5,1.4,1.8,2,0.5,0.3,0.8,1.6,5.5,0.501,0.509,0,0.82,0.533,0.501,G
301,Kevon Looney,21,GSW,66,4,13.8,1.7,2.9,1.7,2.8,0,0.1,0.6,1.2,1.3,2,3.3,0.6,0.5,0.8,0.5,1.6,4,0.58,0.59,0.2,0.545,0.588,0.583,F-C
302,Brook Lopez,29,LAL,74,72,23.4,5,10.7,3.5,6.3,1.5,4.4,1.5,2.1,1,3,4,1.7,0.4,1.3,1.3,2.6,13,0.465,0.549,0.345,0.703,0.557,0.536,C
303,Robin Lopez,29,CHI,64,64,26.4,5.3,10.1,5.3,9.9,0.1,0.2,1.1,1.4,2.1,2.4,4.5,1.9,0.2,0.8,1.7,1.7,11.8,0.53,0.536,0.286,0.756,0.552,0.533,C
304,Kevin Love,29,CLE,59,59,28,5.7,12.4,3.3,6.8,2.3,5.6,4,4.5,1.7,7.5,9.3,1.7,0.7,0.4,1.5,2,17.6,0.458,0.494,0.415,0.88,0.614,0.552,F
305,Kyle Lowry,31,TOR,78,78,32.2,5.2,12.1,2.1,4.5,3.1,7.6,2.9,3.3,0.8,4.7,5.6,6.9,1.1,0.2,2.3,2.5,16.2,0.427,0.474,0.399,0.854,0.598,0.553,G
306,Timothé Luwawu-Cabarrot,22,PHI,52,7,15.5,1.9,5.1,0.9,2.1,1,3,0.9,1.1,0.3,1.1,1.4,1,0.2,0.1,0.7,1.9,5.8,0.375,0.431,0.335,0.793,0.511,0.474,F
307,Tyler Lydon,21,DEN,1,0,2,0,0,0,0,0,0,0,0,0,0,0,0,0,0,0,0,0,,,,,,,F
308,Trey Lyles,22,DEN,73,2,19.1,3.7,7.5,2.6,4.5,1.1,3,1.4,2,0.8,4,4.8,1.2,0.4,0.5,0.8,1.5,9.9,0.491,0.563,0.381,0.706,0.591,0.566,F
309,Shelvin Mack,27,ORL,69,3,19.8,2.6,6,1.9,4,0.7,2,1,1.4,0.3,2.1,2.4,3.9,0.8,0.1,1.3,1.3,6.9,0.43,0.473,0.345,0.711,0.518,0.488,G
310,Josh Magette,28,ATL,18,0,12,0.8,2.6,0.4,1.3,0.4,1.2,0.4,0.4,0.1,0.9,1.1,3.2,0.4,0.1,0.5,0.9,2.6,0.326,0.292,0.364,1,0.464,0.413,G
311,Ian Mahinmi,31,WAS,77,0,14.9,1.8,3.2,1.8,3.2,0,0,1.2,1.7,1.8,2.3,4.1,0.7,0.5,0.5,1.3,3,4.8,0.556,0.561,0,0.703,0.601,0.556,C
312,Thon Maker,20,MIL,74,12,16.7,1.8,4.3,1.3,2.9,0.4,1.4,0.9,1.3,1,2,3,0.6,0.5,0.7,0.6,2.2,4.8,0.411,0.467,0.298,0.699,0.499,0.46,F-C
313,Boban Marjanović,29,DETLAC,39,1,8.6,2,3.8,2,3.8,0,0,2,2.5,1.2,2.5,3.7,0.6,0.3,0.3,0.9,1.3,6,0.534,0.534,,0.794,0.616,0.534,C
314,Lauri Markkanen,20,CHI,68,68,29.7,5.5,12.7,3.4,6.8,2.1,5.9,2.1,2.4,1.2,6.3,7.5,1.2,0.6,0.6,1.2,1.5,15.2,0.434,0.497,0.362,0.843,0.552,0.518,F-C
315,Jarell Martin,23,MEM,73,36,22.8,3,6.8,2.6,5.5,0.5,1.3,1.2,1.6,1.3,3,4.4,1,0.5,0.7,1.2,2.9,7.7,0.446,0.47,0.347,0.767,0.516,0.48,F
316,Frank Mason III,23,SAC,52,2,18.9,2.8,7.3,2.2,5.7,0.6,1.7,1.8,2.2,0.6,1.9,2.5,2.8,0.7,0.2,1.3,1.4,7.9,0.379,0.384,0.36,0.817,0.48,0.42,G
317,Mangok Mathiang,25,CHO,4,0,5,1,1.8,1,1.8,0,0,0,0.3,0.8,1.8,2.5,0,0.3,0,0,1.3,2,0.571,0.571,,0,0.538,0.571,C-F
318,Wesley Matthews,31,DAL,63,62,33.8,4.5,11.1,2.1,4.7,2.4,6.4,1.3,1.6,0.4,2.7,3.1,2.7,1.2,0.3,1.3,2.2,12.7,0.406,0.441,0.381,0.822,0.541,0.516,G
319,Luc Mbah a Moute,31,HOU,61,15,25.6,2.7,5.7,1.7,2.8,1,2.8,1.1,1.6,0.4,2.7,3,0.9,1.2,0.4,1.1,1.6,7.5,0.481,0.599,0.364,0.684,0.595,0.572,F
320,James Michael McAdoo,25,PHI,3,0,6,0.7,2.3,0,0,0.7,2.3,0.7,0.7,0,0.7,0.7,0,0,0.3,0.3,0.3,2.7,0.286,,0.286,1,0.508,0.429,F
321,Patrick McCaw,22,GSW,57,10,16.9,1.6,3.9,1.3,2.5,0.3,1.4,0.5,0.6,0.3,1.2,1.4,1.4,0.8,0.2,0.7,1.2,4,0.409,0.503,0.238,0.765,0.477,0.451,G
322,CJ McCollum,26,POR,81,81,36.1,8.2,18.6,5.9,12.7,2.3,5.9,2.6,3.1,0.7,3.3,4,3.4,1,0.4,1.9,2.1,21.4,0.443,0.465,0.397,0.836,0.536,0.506,G
323,T.J. McConnell,25,PHI,76,1,22.4,2.8,5.5,2.4,4.7,0.4,0.8,0.4,0.5,0.5,2.5,3,4,1.2,0.2,1.5,1.6,6.3,0.499,0.51,0.435,0.795,0.545,0.531,G
324,Erik McCree,24,UTA,4,0,2,0,0.5,0,0.3,0,0.3,0,0,0,0.3,0.3,0,0.3,0,0.3,0,0,0,0,0,,0,0,F
325,Chris McCullough,22,WAS,19,0,4.7,0.9,2.2,0.9,1.8,0.1,0.4,0.5,0.7,0.4,0.9,1.3,0.2,0,0.3,0.1,0.4,2.4,0.429,0.5,0.125,0.643,0.478,0.44,F
326,Doug McDermott,26,DALNYK,81,4,21.8,2.9,6.3,1.8,3.6,1.1,2.7,0.8,1,0.5,2,2.5,1,0.2,0.2,0.7,1.5,7.8,0.467,0.497,0.426,0.79,0.579,0.557,F
327,JaVale McGee,30,GSW,65,17,9.5,2.1,3.4,2.1,3.3,0,0.1,0.6,0.8,0.9,1.7,2.6,0.5,0.3,0.9,0.4,1.4,4.8,0.621,0.638,0,0.731,0.641,0.621,C
328,Rodney McGruder,26,MIA,18,2,16.6,2,4.1,1.2,2.1,0.8,1.9,0.2,0.4,0.6,1.2,1.8,0.9,0.4,0.2,0.2,1.2,5.1,0.493,0.553,0.429,0.5,0.595,0.596,G
329,Trey McKinney-Jones,27,IND,1,0,1,0,0,0,0,0,0,0,0,0,0,0,0,0,0,0,0,0,,,,,,,G
330,Alfonzo McKinnie,25,TOR,14,0,3.8,0.6,1.1,0.4,0.4,0.2,0.6,0.1,0.2,0.1,0.4,0.5,0.1,0.1,0.1,0.2,0.6,1.5,0.533,0.833,0.333,0.667,0.643,0.633,F
331,Ben McLemore,24,MEM,56,17,19.5,2.8,6.7,1.8,3.8,1,2.8,0.9,1.1,0.6,1.9,2.5,0.9,0.7,0.3,1.1,2.5,7.5,0.421,0.477,0.346,0.828,0.526,0.495,G
332,Josh McRoberts,30,DAL,2,0,3,0,0.5,0,0,0,0.5,0,0,0,0,0,0,0,0,0,1,0,0,,0,,0,0,F
333,Jodie Meeks,30,WAS,77,0,14.5,2,5.1,1.1,2.4,0.9,2.7,1.3,1.5,0.2,1.4,1.6,0.9,0.4,0.1,0.5,0.7,6.3,0.399,0.464,0.343,0.863,0.548,0.491,G
334,Salah Mejri,31,DAL,61,1,12,1.4,2.2,1.4,2.2,0,0,0.6,1.1,1.4,2.6,4,0.6,0.4,1.1,0.6,2,3.5,0.642,0.657,0,0.576,0.644,0.642,C
335,Jordan Mickey,23,MIA,23,3,12.3,1.7,3.6,1.6,2.9,0.1,0.7,0.6,0.8,0.8,2.7,3.5,0.4,0.3,0.4,0.8,1.6,4,0.476,0.561,0.125,0.684,0.515,0.488,F
336,Khris Middleton,26,MIL,82,82,36.4,7.2,15.5,5.5,10.5,1.8,5,3.9,4.4,0.5,4.7,5.2,4,1.5,0.3,2.3,3.3,20.1,0.466,0.517,0.359,0.884,0.577,0.524,F-G
337,C.J. Miles,30,TOR,70,3,19.1,3.2,8.6,0.9,2.1,2.3,6.5,1.2,1.4,0.3,1.9,2.2,0.8,0.5,0.3,0.6,1.9,10,0.379,0.434,0.361,0.835,0.545,0.516,G-F
338,Darius Miller,27,NOP,82,3,23.7,2.6,5.9,0.8,1.6,1.8,4.4,0.7,0.8,0.2,1.8,2,1.4,0.3,0.2,0.7,2,7.8,0.444,0.535,0.411,0.866,0.617,0.594,F
339,Malcolm Miller,24,TOR,15,4,8.4,0.9,1.9,0.3,0.5,0.5,1.4,0.3,0.3,0.3,0.7,1,0.2,0.1,0.1,0.3,0.7,2.5,0.464,0.714,0.381,1,0.638,0.607,F
340,Patty Mills,29,SAS,82,36,25.7,3.4,8.3,1.5,3.3,1.9,5,1.3,1.4,0.3,1.6,1.9,2.8,0.7,0.1,1.3,1.6,10,0.411,0.47,0.372,0.89,0.558,0.523,G
341,Paul Millsap,32,DEN,38,37,30.1,5.3,11.4,4.3,8.5,1,3,2.9,4.2,1.7,4.7,6.4,2.8,1,1.2,1.9,2.6,14.6,0.464,0.506,0.345,0.696,0.549,0.509,F
342,Nikola Mirotić,26,CHINOP,55,14,27.2,5.6,12.4,3.1,5.9,2.5,6.5,2,2.5,1.1,6.3,7.4,1.5,0.8,0.7,1.1,2,15.6,0.447,0.525,0.377,0.818,0.577,0.546,F
343,Donovan Mitchell,21,UTA,79,71,33.4,7.5,17.2,5.2,10.3,2.4,7,3,3.8,0.7,3.1,3.7,3.7,1.5,0.3,2.7,2.7,20.5,0.437,0.502,0.34,0.805,0.541,0.506,G
344,Naz Mitrou-Long,24,UTA,1,0,1,1,1,0,0,1,1,0,0,0,0,0,0,0,0,0,0,3,1,,1,,1.5,1.5,G
345,Malik Monk,19,CHO,63,0,13.6,2.4,6.7,1.1,2.9,1.3,3.9,0.5,0.6,0.1,0.9,1,1.4,0.3,0.1,0.8,1,6.7,0.36,0.385,0.342,0.842,0.477,0.458,G
346,Greg Monroe,27,BOSMILPHO,51,14,20.4,4.3,7.6,4.3,7.6,0,0,1.7,2.3,2.1,4.7,6.9,2.2,0.9,0.5,1.8,1.9,10.3,0.565,0.565,,0.739,0.598,0.565,C-F
347,Luis Montero,24,DET,2,0,4,0,0.5,0,0.5,0,0,0,0,0,1,1,0,0,0,1,0,0,0,0,,,0,0,G
348,Ben Moore,22,IND,2,0,4.5,0,0,0,0,0,0,0,0,0,0.5,0.5,0.5,0,0,0,2,0,,,,,,,F
349,E'Twaun Moore,28,NOP,82,80,31.5,5.2,10.1,3.6,6.5,1.6,3.7,0.6,0.8,0.7,2.2,2.9,2.3,1,0.1,1.2,2.2,12.5,0.508,0.556,0.425,0.706,0.593,0.585,G-F
350,Eric Moreland,26,DET,67,3,12,1,1.8,1,1.8,0,0,0.2,0.4,1.2,2.9,4.1,1.2,0.5,0.8,0.6,1.7,2.1,0.541,0.541,,0.379,0.531,0.541,F-C
351,Jaylen Morris,22,ATL,6,0,16.3,2.2,5.3,1.8,3.7,0.3,1.7,0,0,0.3,2.3,2.7,1.2,0.3,0.2,1,0.3,4.7,0.406,0.5,0.2,,0.438,0.438,G
352,Marcus Morris,28,BOS,54,21,26.7,4.9,11.3,3.3,7,1.6,4.3,2.3,2.9,0.8,4.6,5.4,1.3,0.6,0.2,1.2,1.9,13.6,0.429,0.467,0.368,0.805,0.541,0.499,F
353,Markieff Morris,28,WAS,73,73,27,4.5,9.4,3.5,6.6,1,2.8,1.4,1.8,1,4.6,5.6,1.9,0.8,0.5,1.7,3,11.5,0.48,0.529,0.367,0.82,0.566,0.536,F
354,Monte Morris,22,DEN,3,0,8.3,1.3,2,1.3,1.7,0,0.3,0.7,0.7,0,0.7,0.7,2.3,1,0,0.3,0.3,3.3,0.667,0.8,0,1,0.727,0.667,G
355,Johnathan Motley,22,DAL,11,4,16,3.6,6.8,3.5,6.3,0.1,0.5,1.4,2.5,1.3,3.2,4.5,0.6,0.3,0.2,0.8,1.6,8.7,0.533,0.565,0.167,0.536,0.55,0.54,F
356,Timofey Mozgov,31,BRK,31,13,11.6,1.7,3,1.5,2.4,0.1,0.6,0.7,1,1,2.1,3.2,0.4,0.2,0.4,1.1,1.3,4.2,0.559,0.64,0.222,0.767,0.617,0.581,C
357,Emmanuel Mudiay,21,DENNYK,64,14,19.5,3.2,8.2,2.5,5.9,0.7,2.3,1.5,2,0.4,2,2.4,3.2,0.6,0.2,1.8,1.3,8.6,0.388,0.415,0.318,0.76,0.474,0.433,G
358,Shabazz Muhammad,25,MILMIN,43,2,9.7,2,4.4,1.8,3.7,0.2,0.6,0.9,1.2,0.5,1.2,1.8,0.3,0.2,0.1,0.1,0.7,5,0.447,0.478,0.259,0.78,0.51,0.465,F-G
359,Xavier Munford,25,MIL,6,0,3.5,0.2,1,0.2,0.7,0,0.3,0.2,0.3,0.2,0,0.2,0.7,0.2,0,0.3,0.7,0.5,0.167,0.25,0,0.5,0.218,0.167,G
360,Dejounte Murray,21,SAS,81,48,21.5,3.3,7.5,3.2,7.1,0.1,0.4,1.3,1.8,1.4,4.3,5.7,2.9,1.2,0.4,1.7,1.9,8.1,0.443,0.454,0.265,0.709,0.485,0.451,G
361,Jamal Murray,20,DEN,81,80,31.7,5.9,13.1,3.9,7.7,2,5.4,2.8,3.1,1,2.7,3.7,3.4,1,0.3,2.1,2.1,16.7,0.451,0.502,0.378,0.905,0.576,0.529,G
362,Mike Muscala,26,ATL,53,7,20,2.7,5.9,1.5,2.7,1.2,3.2,1.1,1.2,1.1,3.3,4.3,1,0.6,0.5,0.8,1.5,7.6,0.458,0.559,0.371,0.919,0.597,0.558,F-C
363,Abdel Nader,24,BOS,48,1,10.9,1,3.1,0.6,1.8,0.5,1.4,0.5,0.8,0.3,1.2,1.5,0.5,0.3,0.2,0.7,0.9,3,0.336,0.321,0.354,0.59,0.439,0.413,F
364,Larry Nance Jr.,25,CLELAL,66,27,21.5,3.6,6.3,3.6,6.1,0,0.2,1.4,2.1,2.4,4.4,6.8,1.2,1.3,0.6,0.8,2.6,8.7,0.581,0.594,0.167,0.664,0.605,0.584,F-C
365,Shabazz Napier,26,POR,74,10,20.7,3,7.2,1.9,4.2,1.1,2.9,1.6,1.9,0.4,1.9,2.3,2,1.1,0.2,1.2,1.1,8.7,0.42,0.45,0.376,0.841,0.544,0.497,G
366,Jameer Nelson,35,DETNOP,50,0,20.3,1.9,4.9,1.1,2.4,0.8,2.5,0.3,0.4,0.3,1.8,2.1,3.6,0.5,0.1,1.3,1.6,4.9,0.389,0.45,0.331,0.8,0.489,0.473,G
367,Raul Neto,25,UTA,41,0,12.1,1.7,3.7,1.2,2.5,0.5,1.1,0.6,0.9,0.2,1,1.2,1.8,0.3,0.1,0.9,0.9,4.5,0.457,0.481,0.404,0.743,0.55,0.52,G
368,Georges Niang,24,UTA,9,0,3.6,0.4,1.2,0.4,0.8,0,0.4,0.1,0.2,0.3,0.7,1,0.3,0.2,0,0.3,0.1,1,0.364,0.571,0,0.5,0.379,0.364,F
369,Joakim Noah,32,NYK,7,0,5.7,0.7,1.4,0.7,1.4,0,0,0.3,0.6,0.9,1.1,2,0.6,0.3,0.3,0.6,0.7,1.7,0.5,0.5,,0.5,0.51,0.5,C
370,Nerlens Noel,23,DAL,30,6,15.7,1.8,3.5,1.8,3.5,0,0,0.7,0.9,1.6,4,5.6,0.7,1,0.7,0.9,2,4.4,0.524,0.529,0,0.75,0.558,0.524,C-F
371,Lucas Nogueira,25,TOR,49,3,8.5,1,1.6,0.9,1.2,0.1,0.4,0.4,0.6,0.4,1.4,1.8,0.4,0.5,0.9,0.3,1,2.5,0.613,0.721,0.263,0.679,0.661,0.644,C
372,Dirk Nowitzki,39,DAL,77,77,24.7,4.5,9.8,2.7,5.5,1.8,4.4,1.3,1.4,0.3,5.4,5.7,1.6,0.6,0.6,0.7,1.9,12,0.456,0.494,0.409,0.898,0.575,0.547,F
373,Frank Ntilikina,19,NYK,78,9,21.9,2.3,6.4,1.7,4.4,0.6,2,0.6,0.9,0.5,1.8,2.3,3.2,0.8,0.2,1.7,2.3,5.9,0.364,0.385,0.318,0.721,0.437,0.414,G
374,Jusuf Nurkić,23,POR,79,79,26.4,6.1,12,6.1,11.9,0,0.1,2.2,3.5,2.4,6.6,9,1.8,0.8,1.4,2.3,3.1,14.3,0.505,0.508,0,0.63,0.528,0.505,C
375,David Nwaba,25,CHI,70,21,23.5,2.9,6,2.6,5.3,0.3,0.7,1.9,2.9,1.3,3.4,4.7,1.5,0.8,0.4,1.1,2.3,7.9,0.478,0.496,0.346,0.655,0.542,0.499,G
376,Johnny O'Bryant,24,CHO,36,0,10.5,1.9,4.8,1.5,3.6,0.4,1.2,0.6,0.7,0.8,1.8,2.6,0.4,0.3,0.2,0.4,1.3,4.8,0.398,0.422,0.326,0.84,0.47,0.439,F-C
377,Royce O'Neale,24,UTA,69,4,16.7,1.7,4.1,1.1,2.4,0.6,1.7,0.9,1.1,0.4,3.1,3.4,1.4,0.5,0.2,0.8,1.5,5,0.423,0.47,0.356,0.803,0.54,0.496,F
378,Kyle O'Quinn,27,NYK,77,10,18,2.9,5,2.9,4.8,0.1,0.2,1.3,1.6,1.6,4.5,6.1,2.1,0.5,1.3,1.3,2.5,7.1,0.583,0.599,0.235,0.772,0.625,0.589,F-C
379,Semi Ojeleye,23,BOS,73,0,15.8,0.9,2.6,0.3,0.9,0.5,1.7,0.3,0.6,0.5,1.7,2.2,0.3,0.3,0.1,0.3,1.2,2.7,0.346,0.397,0.32,0.61,0.473,0.452,F
380,Emeka Okafor,35,NOP,26,19,13.6,1.8,3.7,1.8,3.7,0,0,0.7,0.8,1.8,2.8,4.6,0.3,0.3,1,0.5,1.2,4.4,0.505,0.505,,0.818,0.545,0.505,C-F
381,Jahlil Okafor,22,BRKPHI,28,0,12.6,2.8,4.9,2.7,4.8,0,0.1,0.8,1,0.8,2.3,3,0.4,0.1,0.6,0.8,1.8,6.3,0.558,0.567,0.25,0.724,0.584,0.562,C-F
382,Victor Oladipo,25,IND,75,75,34,8.5,17.9,6.4,12.1,2.1,5.8,3.9,4.9,0.6,4.6,5.2,4.3,2.4,0.8,2.9,2.3,23.1,0.477,0.528,0.371,0.799,0.577,0.537,G
383,Kelly Olynyk,26,MIA,76,22,23.4,4.2,8.4,2.8,4.7,1.4,3.7,1.8,2.3,1.2,4.5,5.7,2.7,0.8,0.5,1.9,2.9,11.5,0.497,0.59,0.379,0.77,0.612,0.58,C-F
384,Chinanu Onuaku,21,HOU,1,0,22,2,5,2,5,0,0,0,0,1,3,4,1,0,0,3,4,4,0.4,0.4,,,0.4,0.4,F-C
385,Cedi Osman,22,CLE,61,12,11,1.5,3,1,1.6,0.5,1.4,0.4,0.8,0.3,1.7,2,0.7,0.4,0,0.5,1.3,3.9,0.484,0.586,0.368,0.565,0.577,0.57,F
386,Kelly Oubre Jr.,22,WAS,81,11,27.5,3.9,9.8,2.4,5.2,1.6,4.6,2.4,2.9,0.7,3.8,4.5,1.2,1,0.4,1.1,2.9,11.8,0.403,0.456,0.341,0.82,0.534,0.482,F
387,Zaza Pachulia,33,GSW,69,57,14.1,2.2,3.8,2.2,3.8,0,0,1.1,1.3,1.3,3.4,4.7,1.6,0.6,0.2,1,1.8,5.4,0.564,0.567,0,0.806,0.612,0.564,C
388,Marcus Paige,24,CHO,5,0,5.6,0.8,2.8,0.4,1.2,0.4,1.6,0.4,0.4,0,0.8,0.8,0.6,0,0,0,0,2.4,0.286,0.333,0.25,1,0.403,0.357,G
389,Georgios Papagiannis,20,PORSAC,17,0,7.2,1.1,2.5,1.1,2.5,0,0,0,0,0.8,1.4,2.2,0.5,0.2,0.4,0.5,0.7,2.1,0.429,0.429,,,0.429,0.429,C
390,Jabari Parker,22,MIL,31,3,24,5.2,10.7,4.2,8.1,1,2.6,1.3,1.7,1.4,3.5,4.9,1.9,0.8,0.3,1.5,1.6,12.6,0.482,0.514,0.383,0.741,0.55,0.529,F
391,Tony Parker,35,SAS,55,21,19.5,3.2,7.1,3.1,6.4,0.2,0.7,1,1.4,0.1,1.6,1.7,3.5,0.5,0,1.2,0.9,7.7,0.459,0.479,0.27,0.705,0.498,0.472,G
392,Chandler Parsons,29,MEM,36,8,19.2,3,6.5,1.6,3.1,1.4,3.4,0.5,0.8,0.4,2.1,2.5,1.9,0.5,0.3,1,1.5,7.9,0.462,0.504,0.421,0.63,0.578,0.571,F
393,Patrick Patterson,28,OKC,82,3,15.5,1.3,3.2,0.5,1.2,0.8,2.1,0.5,0.6,0.4,2,2.4,0.7,0.6,0.3,0.4,1.1,3.9,0.398,0.421,0.386,0.87,0.555,0.523,F
394,Justin Patton,20,MIN,1,0,4,1,2,1,2,0,0,0,0,0,0,0,0,1,0,0,1,2,0.5,0.5,,,0.5,0.5,C
395,Brandon Paul,26,SAS,64,2,9,0.9,2,0.6,1.1,0.2,0.8,0.3,0.7,0.1,1,1.1,0.6,0.4,0.1,0.5,0.9,2.3,0.433,0.548,0.278,0.512,0.504,0.492,G
396,Chris Paul,32,HOU,58,58,31.8,6.3,13.8,3.8,7.2,2.5,6.5,3.5,3.8,0.6,4.8,5.4,7.9,1.7,0.2,2.2,2.4,18.6,0.46,0.532,0.38,0.919,0.604,0.55,G
397,Adreian Payne,26,ORL,5,0,8.6,1.4,2,1,1.4,0.4,0.6,1,1.2,0.4,1.4,1.8,0,0.4,0,0.4,1.2,4.2,0.7,0.714,0.667,0.833,0.831,0.8,F-C
398,Cameron Payne,23,CHI,25,14,23.3,3.5,8.6,2.1,5,1.4,3.6,0.5,0.6,0.7,2,2.8,4.5,1,0.4,1.4,1.8,8.8,0.405,0.419,0.385,0.75,0.498,0.486,G
399,Elfrid Payton,23,ORLPHO,63,63,28.7,5.2,10.6,4.7,9.1,0.5,1.5,1.7,2.7,1,3.3,4.3,6.2,1.3,0.3,2.7,2.3,12.7,0.493,0.52,0.326,0.649,0.538,0.516,G
400,Gary Payton II,25,LALMIL,23,6,9.6,1.3,3.2,1,2.1,0.3,1.1,0.1,0.4,0.6,1.3,1.9,0.9,0.3,0.1,0.3,1.3,3,0.405,0.49,0.24,0.333,0.443,0.446,G
401,Kendrick Perkins,33,CLE,1,0,15,1,2,1,2,0,0,1,2,0,1,1,2,1,0,1,1,3,0.5,0.5,,0.5,0.521,0.5,C
402,London Perrantes,23,CLE,14,0,4.7,0.1,0.9,0.1,0.7,0,0.2,0.2,0.4,0.1,0.2,0.3,0.4,0.1,0.1,0.1,0.4,0.5,0.154,0.2,0,0.6,0.23,0.154,G
403,Alec Peters,22,PHO,20,0,11.3,1.4,3.7,0.5,0.8,0.9,2.9,0.4,0.5,0.4,1.5,1.9,0.6,0.1,0.1,0.2,0.7,4.1,0.378,0.625,0.31,0.8,0.523,0.5,F
404,Marshall Plumlee,25,MIL,8,0,6.5,0.1,0.4,0.1,0.4,0,0,1.5,2,0.5,1.6,2.1,0.3,0,0.1,0.4,1.3,1.8,0.333,0.333,,0.75,0.697,0.333,C
405,Mason Plumlee,27,DEN,74,26,19.4,3,5,3,5,0,0,1.1,2.4,1.8,3.6,5.4,1.9,0.7,1.1,1.4,2.5,7.1,0.601,0.602,0,0.458,0.586,0.601,C-F
406,Miles Plumlee,29,ATL,55,35,16.7,1.9,3.3,1.9,3.3,0,0,0.5,1.1,1.4,2.7,4.1,0.8,0.3,0.5,1.1,1.4,4.3,0.583,0.583,,0.45,0.574,0.583,C-F
407,Jakob Poeltl,22,TOR,82,0,18.6,3.1,4.7,3.1,4.7,0,0,0.7,1.2,2,2.8,4.8,0.7,0.5,1.2,1,2.6,6.9,0.659,0.66,0.5,0.594,0.662,0.66,C
408,Quincy Pondexter,29,CHI,23,1,8.5,0.6,2.1,0.5,1.2,0.1,1,0.6,0.7,0.3,0.8,1.2,0.4,0.3,0.1,0.5,1,2,0.286,0.407,0.136,0.824,0.398,0.316,G-F
409,Otto Porter Jr.,24,WAS,77,77,31.6,5.8,11.5,4,7.4,1.8,4.1,1.4,1.7,1.3,5.1,6.4,2,1.5,0.5,1,2,14.7,0.503,0.537,0.441,0.828,0.602,0.581,F
410,Bobby Portis,22,CHI,73,4,22.5,5.2,11.1,4.1,8.1,1.1,3.1,1.6,2.1,2.2,4.6,6.8,1.7,0.7,0.3,1.4,1.8,13.2,0.471,0.514,0.359,0.769,0.548,0.52,F
411,Kristaps Porziņģis,22,NYK,48,48,32.4,8.1,18.5,6.3,13.8,1.9,4.8,4.5,5.7,1.3,5.3,6.6,1.2,0.8,2.4,1.9,2.9,22.7,0.439,0.454,0.395,0.793,0.539,0.489,F-C
412,Dwight Powell,26,DAL,79,25,21.2,3.2,5.4,2.9,4.4,0.4,1.1,1.7,2.3,1.7,3.9,5.6,1.2,0.8,0.4,0.7,2.4,8.5,0.593,0.656,0.333,0.719,0.656,0.626,F-C
413,Norman Powell,24,TOR,70,18,15.2,2.1,5.3,1.4,2.7,0.8,2.7,0.5,0.6,0.2,1.5,1.7,1.3,0.5,0.2,0.9,1.6,5.5,0.401,0.516,0.285,0.821,0.492,0.472,G
414,Alex Poythress,24,IND,25,0,4.2,0.4,1,0.3,0.6,0.2,0.4,0,0,0.3,0.4,0.7,0.1,0.1,0,0.1,0.6,1,0.423,0.467,0.364,,0.5,0.5,F
415,Taurean Prince,23,ATL,82,82,30,5.1,11.9,2.9,6.3,2.1,5.6,1.9,2.2,0.6,4.1,4.7,2.6,1,0.5,2.3,2,14.1,0.426,0.461,0.385,0.844,0.549,0.516,F
416,Jacob Pullen,28,PHI,3,0,2,0.3,0.7,0.3,0.3,0,0.3,0,0,0,0,0,0,0,0,0.3,0,0.7,0.5,1,0,,0.5,0.5,G
417,Rodney Purvis,23,ORL,16,2,18.1,2.2,6.7,1.4,3.4,0.8,3.3,0.8,0.9,0.1,1.6,1.7,1.1,0.2,0.2,0.6,1.6,6,0.327,0.4,0.25,0.867,0.423,0.388,G
418,Zhou Qi,22,HOU,18,0,6.9,0.3,1.8,0.2,0.7,0.1,1.1,0.4,0.7,0.3,0.9,1.2,0.1,0.1,0.8,0.6,0.8,1.2,0.188,0.308,0.105,0.667,0.295,0.219,F-C
419,Tim Quarterman,23,HOU,3,0,4.3,0.3,1,0.3,0.3,0,0.7,0.7,0.7,0,1,1,0.3,0,0,0.7,0.3,1.3,0.333,1,0,1,0.515,0.333,G
420,Ivan Rabb,20,MEM,36,5,14.3,2.4,4.2,2.4,4.2,0,0,0.8,1,1.5,2.9,4.4,0.9,0.3,0.4,1,1.5,5.6,0.566,0.566,,0.806,0.599,0.566,F
421,Julius Randle,23,LAL,82,49,26.7,6.1,11,6,10.5,0.1,0.5,3.7,5.2,2.2,5.8,8,2.6,0.5,0.5,2.6,3.3,16.1,0.558,0.575,0.222,0.718,0.606,0.563,F-C
422,Zach Randolph,36,SAC,59,57,25.6,6.1,12.9,5.3,10.4,0.9,2.5,1.4,1.8,1.6,5.1,6.7,2.2,0.7,0.2,2,2,14.5,0.473,0.503,0.347,0.785,0.529,0.507,F-C
423,Xavier Rathan-Mayes,23,MEM,5,0,23.6,2.4,8.4,2.2,5.6,0.2,2.8,0.8,1.8,0,1,1,3.6,1.2,0.6,2.2,3.6,5.8,0.286,0.393,0.071,0.444,0.315,0.298,G
424,J.J. Redick,33,PHI,70,70,30.2,5.8,12.6,3,6,2.8,6.6,2.8,3.1,0.1,2.4,2.5,3,0.5,0.1,1.5,1.8,17.1,0.46,0.504,0.42,0.904,0.614,0.569,G
425,Davon Reed,22,PHO,21,1,11.5,1,3.6,0.5,1.8,0.5,1.8,0.4,0.6,0.1,1.8,1.9,0.6,0.5,0.1,0.5,0.8,3,0.289,0.289,0.289,0.667,0.388,0.362,G
426,Willie Reed,27,DETLAC,42,5,10.2,1.9,2.9,1.9,2.8,0,0,0.8,1.3,0.8,2,2.9,0.2,0.2,0.5,0.5,1.3,4.6,0.669,0.672,0.5,0.582,0.671,0.674,F-C
427,Josh Richardson,24,MIA,81,81,33.2,4.9,10.9,3.4,6.8,1.6,4.1,1.5,1.8,0.9,2.7,3.5,2.9,1.5,0.9,1.7,2.5,12.9,0.451,0.495,0.378,0.845,0.551,0.523,G
428,Malachi Richardson,22,SACTOR,26,4,12.5,1.2,3.5,0.7,1.9,0.5,1.5,0.7,0.8,0.2,1.1,1.3,0.5,0.4,0,0.4,1,3.4,0.333,0.36,0.3,0.773,0.446,0.4,G
429,Austin Rivers,25,LAC,61,59,33.7,5.6,13.2,3.4,7.3,2.2,5.9,1.7,2.6,0.4,1.9,2.4,4,1.2,0.3,1.8,2.5,15.1,0.424,0.461,0.378,0.642,0.526,0.508,G
430,Andre Roberson,26,OKC,39,39,26.6,2.2,4.2,2,3.2,0.2,0.9,0.3,1,1.9,2.8,4.7,1.2,1.2,0.9,0.8,2.3,5,0.537,0.627,0.222,0.316,0.543,0.562,G-F
431,Devin Robinson,22,WAS,1,0,13,1,3,1,3,0,0,0,0,2,3,5,0,1,0,0,2,2,0.333,0.333,,,0.333,0.333,F
432,Glenn Robinson III,24,IND,23,1,14.7,1.6,3.7,1,2.2,0.6,1.5,0.4,0.5,0.5,1.1,1.6,0.7,0.6,0,0.2,0.6,4.1,0.424,0.431,0.412,0.818,0.529,0.506,G-F
433,Rajon Rondo,31,NOP,65,63,26.2,3.6,7.6,2.8,5.3,0.8,2.3,0.4,0.7,0.5,3.6,4,8.2,1.1,0.2,2.3,1.8,8.3,0.468,0.526,0.333,0.543,0.522,0.518,G
434,Derrick Rose,29,CLEMIN,25,7,16.8,3.2,7.4,3,6.2,0.3,1.2,1.6,1.8,0.5,0.9,1.4,1.5,0.3,0.2,1.4,0.6,8.4,0.435,0.474,0.233,0.87,0.507,0.454,G
435,Terrence Ross,26,ORL,24,20,25,3.2,8,1.9,4.1,1.3,3.9,1.1,1.5,0.4,2.6,3,1.6,1.1,0.5,1.2,1.9,8.7,0.398,0.469,0.323,0.75,0.505,0.476,F-G
436,Terry Rozier,23,BOS,80,16,25.9,4,10,2,5,1.9,5,1.4,1.9,0.8,3.9,4.7,2.9,1,0.2,1,1.5,11.3,0.395,0.41,0.381,0.772,0.52,0.491,G
437,Ricky Rubio,27,UTA,77,77,29.3,4.5,10.7,3.2,7.2,1.2,3.5,2.9,3.3,0.6,4,4.6,5.3,1.6,0.1,2.7,2.7,13.1,0.418,0.451,0.352,0.866,0.537,0.476,G
438,D'Angelo Russell,21,BRK,48,35,25.7,5.8,14,3.9,8.2,1.9,5.8,2,2.7,0.6,3.3,3.9,5.2,0.8,0.4,3.1,1.9,15.5,0.414,0.477,0.324,0.74,0.509,0.481,G
439,Domantas Sabonis,21,IND,74,19,24.5,4.6,8.9,4.4,8.4,0.2,0.5,2.3,3,2.2,5.5,7.7,2,0.5,0.4,1.9,3,11.6,0.514,0.524,0.351,0.75,0.567,0.524,F-C
440,JaKarr Sampson,24,SAC,22,6,15.6,2,3.7,1.8,3.2,0.2,0.5,0.5,0.7,1,2.6,3.5,0.4,0.4,1,0.4,2.2,4.7,0.543,0.549,0.5,0.625,0.585,0.574,G-F
441,Dario Šarić,23,PHI,78,73,29.6,5.2,11.4,3.2,6.3,2,5.1,2.3,2.7,2,4.7,6.7,2.6,0.7,0.3,1.9,2.1,14.6,0.453,0.501,0.393,0.86,0.582,0.541,F-C
442,Tomáš Satoranský,26,WAS,73,30,22.5,2.8,5.3,2.1,3.9,0.6,1.4,1,1.3,1,2.2,3.2,3.9,0.7,0.2,1.1,1.8,7.2,0.523,0.544,0.465,0.781,0.615,0.585,G
443,Dennis Schröder,24,ATL,67,67,31,7.5,17.1,6.3,13.2,1.1,3.9,3.4,4,0.7,2.4,3.1,6.2,1.1,0.1,2.7,2.2,19.4,0.436,0.48,0.29,0.849,0.515,0.469,G
444,Mike Scott,29,WAS,76,1,18.5,3.6,6.9,2.8,4.8,0.9,2.1,0.7,1,0.7,2.6,3.3,1.1,0.3,0.1,1,1.9,8.8,0.527,0.582,0.405,0.658,0.599,0.59,F
445,Thabo Sefolosha,33,UTA,38,6,21.2,3.1,6.3,2.3,4.1,0.8,2.2,1.2,1.4,0.8,3.5,4.2,0.9,1.4,0.3,0.8,1.6,8.2,0.492,0.551,0.381,0.815,0.591,0.558,G-F
446,Wayne Selden,23,MEM,35,9,19.8,3.3,7.7,1.9,4.2,1.4,3.5,1.3,1.7,0.5,1.1,1.6,1.9,0.5,0.1,1.5,1.7,9.3,0.431,0.456,0.402,0.746,0.551,0.522,G-F
447,Ramon Sessions,31,NYKWAS,28,3,14,1.5,4.2,1.2,3.3,0.3,0.9,1.6,2,0.2,1.1,1.4,2.8,0.5,0.1,1.1,1,4.9,0.359,0.374,0.308,0.772,0.479,0.393,G
448,Iman Shumpert,27,CLE,14,6,19.7,1.6,4.1,1.1,2.3,0.5,1.9,0.8,1.1,0.5,2.4,2.9,1.2,0.6,0.3,1.1,1.6,4.4,0.379,0.469,0.269,0.733,0.48,0.44,G
449,Pascal Siakam,23,TOR,81,5,20.7,3.1,6.1,2.8,4.5,0.4,1.6,0.7,1.1,1,3.5,4.5,2,0.8,0.5,0.8,2,7.3,0.508,0.612,0.22,0.621,0.549,0.537,F
450,Xavier Silas,30,BOS,2,0,3.5,0,1.5,0,0.5,0,1,0,0,0.5,0.5,1,0,0.5,0,0,0.5,0,0,0,0,,0,0,G
451,Ben Simmons,21,PHI,81,81,33.7,6.7,12.3,6.7,12.2,0,0.1,2.4,4.2,1.8,6.3,8.1,8.2,1.7,0.9,3.4,2.6,15.8,0.545,0.551,0,0.56,0.557,0.545,G-F
452,Jonathon Simmons,28,ORL,69,50,29.4,5.1,11,4.1,8.1,1,3,2.7,3.5,0.9,2.6,3.5,2.5,0.8,0.2,2.1,2.5,13.9,0.465,0.512,0.338,0.768,0.555,0.511,G-F
453,Kobi Simmons,20,MEM,32,12,20.1,2.5,5.9,2.2,4.7,0.3,1.2,0.8,0.8,0.4,1.1,1.6,2.1,0.6,0.2,1.4,1.9,6.1,0.423,0.46,0.282,1,0.49,0.452,G
454,Kyle Singler,29,OKC,12,0,4.9,0.6,1.8,0.4,1.3,0.2,0.4,0.6,1.1,0.1,0.8,0.8,0.2,0.1,0,0.3,0.3,1.9,0.333,0.313,0.4,0.538,0.43,0.381,F
455,Marcus Smart,23,BOS,54,11,29.9,3.5,9.5,2.1,4.9,1.4,4.6,1.8,2.5,0.8,2.7,3.5,4.8,1.3,0.4,2.4,2.5,10.2,0.367,0.429,0.301,0.729,0.479,0.44,G
456,Dennis Smith Jr.,20,DAL,69,69,29.7,5.9,14.8,4.3,9.9,1.5,4.9,1.9,2.8,0.7,3,3.8,5.2,1,0.3,2.8,2.2,15.2,0.395,0.435,0.313,0.694,0.473,0.446,G
457,Ish Smith,29,DET,82,35,24.9,4.7,9.8,4.3,8.5,0.4,1.2,1,1.4,0.3,2.4,2.7,4.4,0.8,0.2,1.3,1.7,10.9,0.486,0.506,0.347,0.698,0.525,0.507,G
458,J.R. Smith,32,CLE,80,61,28.1,3,7.4,1.2,2.7,1.8,4.8,0.5,0.7,0.4,2.6,2.9,1.8,0.9,0.1,1,2,8.3,0.403,0.453,0.375,0.696,0.534,0.524,G-F
459,Jason Smith,31,WAS,33,2,8.6,1.4,3.5,1.2,2.5,0.1,1,0.6,0.6,0.5,1.1,1.6,0.4,0.1,0.4,0.5,1.3,3.4,0.391,0.494,0.125,0.905,0.455,0.409,F-C
460,Josh Smith,32,NOP,3,0,4,0.3,1.3,0.3,1.3,0,0,0,0,1,0.3,1.3,0,0,0,0,1,0.7,0.25,0.25,,,0.25,0.25,F
461,Tony Snell,26,MIL,75,59,27.4,2.5,5.7,1,2.1,1.4,3.6,0.5,0.6,0.1,1.8,1.9,1.3,0.6,0.4,0.5,1.5,6.9,0.435,0.49,0.403,0.792,0.578,0.562,G-F
462,Marreese Speights,30,ORL,52,3,13,2.7,6.7,1,2.2,1.7,4.5,0.8,1.1,0.4,2.2,2.6,0.8,0.2,0.4,0.8,2,7.7,0.395,0.448,0.369,0.727,0.539,0.519,C-F
463,Nik Stauskas,24,BRKPHI,41,0,12.8,1.5,3.8,0.5,1.3,1,2.4,0.5,0.7,0.1,1.5,1.6,1,0.2,0.1,0.6,0.6,4.4,0.39,0.37,0.4,0.724,0.543,0.519,G
464,Lance Stephenson,27,IND,82,7,22.6,3.7,8.6,2.9,5.8,0.8,2.8,1,1.5,0.8,4.4,5.2,2.9,0.6,0.2,1.6,2.2,9.2,0.427,0.495,0.289,0.661,0.495,0.475,G-F
465,David Stockton,26,UTA,3,0,3,0.7,1,0,0,0.7,1,1.3,1.3,0,0,0,0,0,0,0.3,1,3.3,0.667,,0.667,1,1.05,1,G
466,Julyan Stone,29,CHO,23,0,7.6,0.3,0.6,0,0,0.3,0.6,0,0.1,0,1.2,1.3,1.1,0.2,0.1,0.3,0.9,0.8,0.462,,0.462,0.5,0.684,0.692,G
467,Edmond Sumner,22,IND,1,0,2,1,1,1,1,0,0,0,0,0,1,1,0,0,0,0,1,2,1,1,,,1,1,G
468,Caleb Swanigan,20,POR,27,3,7,0.9,2.2,0.9,1.9,0,0.3,0.4,0.7,0.6,1.4,2,0.5,0.2,0.1,0.7,1.4,2.3,0.4,0.442,0.125,0.667,0.449,0.408,F
469,Jayson Tatum,19,BOS,80,80,30.5,5,10.4,3.7,7.4,1.3,3,2.7,3.2,0.6,4.4,5,1.6,1,0.7,1.4,2.1,13.9,0.475,0.492,0.434,0.826,0.586,0.538,F
470,Isaiah Taylor,23,ATL,67,9,17.4,2.4,5.8,2.1,4.6,0.3,1.2,1.5,2.1,0.3,1.1,1.4,3.1,0.5,0.1,1.3,1.7,6.6,0.418,0.461,0.25,0.702,0.492,0.444,G
471,Jeff Teague,29,MIN,70,70,33,5.1,11.3,3.9,8.1,1.2,3.3,2.9,3.4,0.3,2.6,3,7,1.5,0.3,2.5,2.4,14.2,0.446,0.477,0.368,0.845,0.553,0.499,G
472,Marquis Teague,24,MEM,3,0,24.7,1.3,5.3,1,4,0.3,1.3,0.7,1.7,0.3,1.7,2,4.3,1.3,0,1,1.7,3.7,0.25,0.25,0.25,0.4,0.302,0.281,G
473,Mirza Teletović,32,MIL,10,0,15.9,2.5,5.7,0.4,1.2,2.1,4.5,0,0,0.3,2,2.3,1,0.4,0.1,0.7,1.4,7.1,0.439,0.333,0.467,,0.623,0.623,F
474,Garrett Temple,31,SAC,65,35,24.8,3.1,7.3,1.7,3.8,1.4,3.5,0.9,1.2,0.3,2,2.3,1.9,0.9,0.4,1.2,2.1,8.4,0.418,0.442,0.392,0.769,0.536,0.512,G
475,Miloš Teodosić,30,LAC,45,36,25.2,3.4,8,1.4,2.8,2,5.2,0.9,1,0.4,2.4,2.8,4.6,0.5,0.1,2.2,2.3,9.5,0.419,0.492,0.379,0.848,0.564,0.542,G
476,Jason Terry,40,MIL,51,4,16,1.2,3,0.4,0.8,0.8,2.3,0.2,0.2,0.1,0.8,0.9,1.2,0.8,0.3,0.5,1,3.3,0.383,0.487,0.348,0.889,0.525,0.513,G
477,Daniel Theis,25,BOS,63,3,14.9,2,3.7,1.7,2.8,0.3,0.9,1,1.3,1.4,2.9,4.3,0.9,0.5,0.8,0.9,2.5,5.3,0.541,0.617,0.31,0.753,0.616,0.579,C
478,Isaiah Thomas,28,CLELAL,32,15,26.9,4.9,13.2,3.2,7.3,1.7,5.9,3.7,4.1,0.5,1.6,2.1,4.8,0.5,0.1,3,1.8,15.2,0.373,0.438,0.293,0.893,0.508,0.438,G
479,Lance Thomas,29,NYK,73,31,18.5,1.4,3.7,0.7,2,0.7,1.7,0.6,0.7,0.6,1.8,2.4,0.6,0.4,0.2,0.5,1.8,4.1,0.382,0.364,0.403,0.83,0.513,0.476,F
480,Klay Thompson,27,GSW,73,73,34.3,7.9,16.2,4.7,9,3.1,7.1,1.1,1.3,0.4,3.4,3.8,2.5,0.8,0.5,1.8,1.6,20,0.488,0.526,0.44,0.837,0.598,0.585,G-F
481,Tristan Thompson,26,CLE,53,22,20.2,2.5,4.4,2.5,4.4,0,0,0.8,1.5,2.4,4.3,6.6,0.6,0.3,0.3,0.7,1.9,5.8,0.562,0.562,,0.544,0.569,0.562,F-C
482,Sindarius Thornwell,23,LAC,73,17,15.8,1.4,3.2,1.1,2.4,0.3,0.8,0.8,1.2,0.5,1.5,1.9,0.9,0.7,0.3,0.7,1.7,3.9,0.429,0.448,0.377,0.67,0.519,0.479,G
483,Anthony Tolliver,32,DET,79,14,22.2,2.8,6,0.8,1.4,2,4.6,1.3,1.7,0.6,2.4,3.1,1.1,0.4,0.3,0.7,1.8,8.9,0.464,0.561,0.436,0.797,0.663,0.632,F-C
484,Karl-Anthony Towns,22,MIN,82,82,35.6,7.8,14.3,6.3,10.8,1.5,3.5,4.2,4.9,2.9,9.4,12.3,2.4,0.8,1.4,1.9,3.5,21.3,0.545,0.585,0.421,0.858,0.646,0.596,C-F
485,P.J. Tucker,32,HOU,82,34,27.8,2.1,5.4,0.7,1.6,1.4,3.8,0.5,0.7,1.1,4.4,5.6,0.9,1,0.3,0.9,2.5,6.1,0.39,0.435,0.371,0.717,0.537,0.52,F
486,Evan Turner,29,POR,79,40,25.7,3.3,7.3,2.7,5.6,0.5,1.7,1.2,1.4,0.4,2.7,3.1,2.2,0.6,0.4,1.3,2.1,8.2,0.447,0.485,0.318,0.85,0.52,0.484,G
487,Myles Turner,21,IND,65,62,28.2,4.7,9.8,3.8,7.4,0.9,2.4,2.5,3.2,1.4,5,6.4,1.3,0.6,1.8,1.5,2.9,12.7,0.479,0.519,0.357,0.777,0.567,0.523,C-F
488,Ekpe Udoh,30,UTA,63,3,12.9,1,1.9,1,1.9,0,0,0.7,0.9,1.1,1.3,2.4,0.8,0.7,1.2,0.3,1.7,2.6,0.5,0.504,0,0.75,0.56,0.5,C-F
489,Tyler Ulis,22,PHO,71,43,23.4,3,7.8,2.4,5.7,0.6,2.1,1.2,1.4,0.3,1.5,1.8,4.4,1,0.1,1.8,1.7,7.8,0.388,0.425,0.288,0.832,0.465,0.426,G
490,Jonas Valančiūnas,25,TOR,77,77,22.4,5.1,8.9,4.7,8,0.4,1,2.2,2.7,2.4,6.2,8.6,1.1,0.4,0.9,1.5,2.5,12.7,0.568,0.587,0.405,0.806,0.628,0.59,C
491,Denzel Valentine,24,CHI,77,37,27.2,3.9,9.4,2.1,4.6,1.9,4.8,0.5,0.7,0.6,4.5,5.1,3.2,0.8,0.1,1.3,2.4,10.2,0.417,0.45,0.386,0.745,0.527,0.517,G
492,Fred VanVleet,23,TOR,76,0,20,3.1,7.2,1.6,3.7,1.4,3.4,1.1,1.3,0.3,2.1,2.4,3.2,0.9,0.3,1,1.7,8.6,0.426,0.437,0.414,0.832,0.556,0.525,G
493,Rashad Vaughn,21,BRKMILORL,28,0,7.6,0.8,2,0.3,0.7,0.5,1.3,0.1,0.2,0.1,0.6,0.8,0.5,0.2,0.1,0.2,0.5,2.3,0.411,0.474,0.378,0.667,0.546,0.536,G
494,Noah Vonleh,22,CHIPOR,54,16,16.2,1.9,4.3,1.6,3.1,0.4,1.2,0.7,1.1,1.3,4.5,5.8,0.6,0.4,0.3,0.6,1.3,4.9,0.444,0.5,0.303,0.621,0.509,0.487,F
495,Nikola Vučević,27,ORL,57,57,29.5,7,14.7,5.9,11.2,1.1,3.6,1.4,1.6,1.8,7.4,9.2,3.4,1,1.1,1.9,2.5,16.5,0.475,0.527,0.314,0.819,0.533,0.513,C
496,Dwyane Wade,36,CLEMIA,67,3,22.9,4.5,10.2,4,8.5,0.5,1.7,2,2.8,0.7,3,3.8,3.4,0.9,0.7,2.1,1.9,11.4,0.438,0.468,0.288,0.714,0.5,0.462,G
497,Dion Waiters,26,MIA,30,30,30.6,5.4,13.7,3.7,8,1.7,5.7,1.7,2.3,0.3,2.3,2.6,3.8,0.8,0.3,2.3,2,14.3,0.398,0.463,0.306,0.739,0.487,0.461,G
498,Kemba Walker,27,CHO,80,80,34.2,7.4,17,4.5,9.5,2.9,7.5,4.5,5.3,0.4,2.7,3.1,5.6,1.1,0.3,2.2,1.2,22.1,0.431,0.469,0.384,0.864,0.572,0.516,G
499,John Wall,27,WAS,41,41,34.4,6.8,16.3,5.3,12.2,1.5,4.1,4.3,5.9,0.5,3.1,3.7,9.6,1.4,1.1,3.9,2,19.4,0.42,0.436,0.371,0.726,0.515,0.466,G
500,Tyrone Wallace,23,LAC,30,19,28.4,3.7,8.2,3.3,6.9,0.3,1.3,2,2.6,0.7,2.8,3.5,2.4,0.9,0.4,1.5,2.8,9.7,0.445,0.483,0.25,0.782,0.517,0.466,G
501,Derrick Walton,22,MIA,16,0,9.2,0.5,1.6,0.1,0.5,0.4,1.1,0.4,0.4,0.1,0.9,1,1,0.4,0.2,0.1,0.4,1.8,0.32,0.125,0.412,1,0.525,0.46,G
502,Jameel Warney,24,DAL,3,0,9,2.3,4,2.3,4,0,0,1,1.7,1.3,1.7,3,0,0,0,0.3,0.7,5.7,0.583,0.583,,0.6,0.599,0.583,F
503,T.J. Warren,24,PHO,65,65,33,8.1,16.4,7.8,15,0.3,1.4,3,3.9,1.9,3.2,5.1,1.3,1,0.6,1.3,2.3,19.6,0.498,0.523,0.222,0.757,0.541,0.507,F
504,Travis Wear,27,LAL,17,0,13.4,1.5,4.2,0.5,1.5,1,2.8,0.5,0.5,0,2.2,2.2,0.4,0.2,0.3,0.4,1.8,4.4,0.347,0.32,0.362,1,0.497,0.465,F
505,James Webb III,24,BRK,10,0,12,0.6,2.4,0.2,0.5,0.4,1.9,0,0,0.8,1.6,2.4,0.4,0.1,0,0.4,1,1.6,0.25,0.4,0.211,,0.333,0.333,F
506,Briante Weber,25,HOUMEM,18,0,13.2,1.1,2.4,0.8,1.8,0.2,0.6,0.4,0.6,0.4,1.5,1.9,1.2,1,0.3,0.8,1.6,2.8,0.442,0.469,0.364,0.8,0.527,0.488,G
507,David West,37,GSW,73,0,13.7,3,5.2,2.9,5.1,0,0.1,0.8,1.1,0.9,2.4,3.3,1.9,0.6,1,1.1,1.6,6.8,0.571,0.576,0.375,0.759,0.6,0.575,F-C
508,Russell Westbrook,29,OKC,80,80,36.4,9.5,21.1,8.3,17,1.2,4.1,5.2,7.1,1.9,8.2,10.1,10.3,1.8,0.3,4.8,2.5,25.4,0.449,0.485,0.298,0.737,0.524,0.477,G
509,Andrew White,24,ATL,15,0,13.9,1.7,4.9,0.5,1.6,1.2,3.3,0.1,0.3,0.3,2,2.3,0.4,0.2,0.1,0.5,0.8,4.6,0.342,0.292,0.367,0.25,0.461,0.466,G
510,Derrick White,23,SAS,17,0,8.2,0.9,1.9,0.5,1.2,0.5,0.8,0.8,1.2,0.3,1.2,1.5,0.5,0.2,0.2,0.4,0.5,3.2,0.485,0.4,0.615,0.7,0.646,0.606,G
511,Okaro White,25,MIA,6,4,13.3,1.2,2.7,0.5,0.8,0.7,1.8,0.3,0.5,0.5,1.3,1.8,0.3,0.2,0.2,0.2,1,3.3,0.438,0.6,0.364,0.667,0.577,0.563,F
512,Isaiah Whitehead,22,BRK,16,0,11.3,2.5,5.4,2.1,4.3,0.4,1.1,0.8,1.2,0.3,1.4,1.6,1.3,0.5,0.1,1.5,1.4,6.3,0.465,0.485,0.389,0.684,0.53,0.506,G
513,Hassan Whiteside,28,MIA,54,54,25.3,5.8,10.7,5.7,10.7,0,0,2.4,3.4,3.2,8.2,11.4,1,0.7,1.7,1.7,2.4,14,0.54,0.538,1,0.703,0.573,0.542,C
514,Andrew Wiggins,22,MIN,82,82,36.3,6.9,15.9,5.6,11.7,1.4,4.1,2.5,3.8,1,3.4,4.4,2,1.1,0.6,1.7,2,17.7,0.438,0.475,0.331,0.643,0.505,0.481,F-G
515,Jacob Wiley,23,BRK,5,0,6.6,0.2,0.8,0,0.4,0.2,0.4,0.2,0.4,0.4,1.8,2.2,0.4,0.2,0,0,0.8,0.8,0.25,0,0.5,0.5,0.41,0.375,F
516,Damien Wilkins,38,IND,19,1,8,0.7,2.1,0.5,1.1,0.2,0.9,0.2,0.2,0.3,0.6,0.8,0.5,0.1,0.1,0.3,0.4,1.7,0.333,0.429,0.222,0.75,0.405,0.385,F-G
517,Alan Williams,25,PHO,5,0,14,1.4,3.6,1.4,3.6,0,0,1.2,1.8,0.6,3.8,4.4,1.6,1,0.2,1.4,2.6,4,0.389,0.389,,0.667,0.455,0.389,F-C
518,C.J. Williams,27,LAC,38,17,18.6,2.3,5.2,1.7,3.1,0.6,2.1,0.3,0.4,0.3,1.2,1.5,1.1,0.8,0.3,0.5,1.7,5.5,0.442,0.546,0.282,0.813,0.512,0.497,G
519,Derrick Williams,26,LAL,2,0,4.5,0.5,2,0.5,1,0,1,0,0,0,0.5,0.5,0,0,0,0,0,1,0.25,0.5,0,,0.25,0.25,F
520,Lou Williams,31,LAC,79,19,32.8,7.4,16.9,5,10.4,2.4,6.6,5.5,6.2,0.5,2,2.5,5.3,1.1,0.2,3,1.3,22.6,0.435,0.484,0.359,0.88,0.574,0.505,G
521,Marvin Williams,31,CHO,78,78,25.7,3.3,7.2,1.7,3.3,1.6,3.9,1.3,1.6,0.9,3.8,4.7,1.2,0.7,0.5,0.8,1.5,9.5,0.458,0.512,0.413,0.829,0.603,0.57,F
522,Matt Williams,24,MIA,3,0,3.7,0.7,2,0.3,0.3,0.3,1.7,0,0,0,0.3,0.3,0,0,0,0.3,0.3,1.7,0.333,1,0.2,,0.417,0.417,G
523,Troy Williams,23,HOUNYK,21,1,14.6,2.4,5.2,1.9,3.4,0.5,1.8,1,1.4,1,2,3,0.8,1,0.2,0.9,1.6,6.3,0.468,0.563,0.289,0.667,0.544,0.518,F
524,D.J. Wilson,21,MIL,22,0,3.2,0.4,0.7,0.3,0.5,0.1,0.2,0,0.1,0.1,0.4,0.5,0.1,0.1,0,0.2,0.3,1,0.563,0.636,0.4,0.5,0.622,0.625,F
525,Jamil Wilson,27,LAC,15,10,18.3,2.5,5.4,0.7,1.2,1.8,4.2,0.1,0.3,0.2,1.9,2.1,0.7,0.3,0.5,0.5,2.3,7,0.469,0.611,0.429,0.5,0.634,0.636,F
526,Justise Winslow,21,MIA,68,25,24.7,3,7.2,2.3,5.3,0.7,1.9,1,1.5,0.9,4.5,5.4,2.2,0.8,0.5,1.1,2.1,7.8,0.424,0.44,0.38,0.635,0.496,0.474,F
527,Jeff Withey,27,DAL,9,0,4.3,0.7,1.8,0.4,0.7,0.2,1.1,0.1,0.2,0.1,1,1.1,0,0,0.3,0.2,0.3,1.7,0.375,0.667,0.2,0.5,0.444,0.438,C
528,Nate Wolters,26,UTA,5,0,3.8,0.2,1.2,0.2,1.2,0,0,0,0,0.2,0.2,0.4,0.2,0,0,0,0.2,0.4,0.167,0.167,,,0.167,0.167,G
529,Brandan Wright,30,HOUMEM,28,1,13.6,2.1,3.6,2.1,3.6,0,0,0.8,1.2,1.2,2.2,3.4,0.5,0.5,0.9,0.3,1.1,5,0.578,0.578,,0.636,0.596,0.578,F-C
530,Delon Wright,25,TOR,69,4,20.8,2.9,6.3,2.1,4,0.8,2.2,1.4,1.7,0.7,2.2,2.9,2.9,1,0.5,1.1,1.2,8,0.465,0.52,0.366,0.829,0.574,0.53,G
531,Guerschon Yabusele,22,BOS,33,4,7.1,0.8,1.8,0.4,0.7,0.4,1.1,0.5,0.7,0.5,1.1,1.6,0.5,0.1,0.2,0.4,0.7,2.4,0.426,0.583,0.324,0.682,0.559,0.525,F
532,James Young,22,PHI,6,0,10.2,0.8,2.3,0.3,0.7,0.5,1.7,0.7,1,0,0.3,0.3,0.3,0,0,0.2,0.7,2.8,0.357,0.5,0.3,0.667,0.511,0.464,G-F
533,Joe Young,25,IND,53,1,10.5,1.5,3.5,1,2.3,0.5,1.2,0.4,0.5,0.2,1,1.2,0.7,0.3,0,0.5,0.7,3.9,0.43,0.458,0.379,0.759,0.521,0.497,G
534,Nick Young,32,GSW,80,8,17.4,2.5,6.1,1,2,1.5,4.1,0.7,0.8,0.3,1.3,1.6,0.5,0.5,0.1,0.5,1.3,7.3,0.412,0.481,0.377,0.862,0.562,0.538,G-F
535,Thaddeus Young,29,IND,81,81,32.2,5.2,10.7,4.5,8.4,0.7,2.2,0.7,1.1,2.3,4,6.3,1.9,1.7,0.4,1.3,2.2,11.8,0.487,0.531,0.32,0.598,0.528,0.521,F
536,Cody Zeller,25,CHO,33,0,19,2.6,4.7,2.5,4.6,0.1,0.1,1.8,2.6,2,3.3,5.4,0.9,0.4,0.6,1,2.5,7.1,0.545,0.542,0.667,0.718,0.602,0.551,C-F
537,Tyler Zeller,28,BRKMIL,66,34,16.8,2.8,5.1,2.7,4.6,0.2,0.4,0.9,1.2,1.7,3,4.6,0.7,0.2,0.5,0.7,1.9,6.7,0.56,0.578,0.357,0.722,0.598,0.575,F-C
538,Paul Zipser,23,CHI,54,12,15.3,1.5,4.3,0.8,2.3,0.7,2,0.4,0.5,0.2,2.2,2.4,0.9,0.4,0.3,0.8,1.6,4,0.346,0.355,0.336,0.76,0.445,0.425,G-F
539,Ante Žižić,21,CLE,32,2,6.7,1.5,2.1,1.5,2.1,0,0,0.7,0.9,0.8,1.1,1.9,0.2,0.1,0.4,0.3,0.9,3.7,0.731,0.731,,0.724,0.746,0.731,F-C
540,Ivica Zubac,20,LAL,43,0,9.5,1.4,2.8,1.4,2.8,0,0,0.9,1.2,1,1.8,2.9,0.6,0.2,0.3,0.6,1.1,3.7,0.5,0.504,0,0.765,0.557,0.5,C